sophokle1v3soph_0011.png	706 247 1366 294	ZUR ERSTEN AUFLAGE.
sophokle1v3soph_0011.png	1865 255 1934 290	VII
sophokle1v3soph_0011.png	147 373 1938 448	sung auf den besondern Charakter der Rede, die Gestaltung
sophokle1v3soph_0011.png	145 451 1933 516	und den Zusammenhang der Gedanken, den individuellen Ton
sophokle1v3soph_0011.png	144 521 1933 591	und die jedesmalige Färbung, die feinen Berechnungen und
sophokle1v3soph_0011.png	147 591 1934 662	gemessenen Beziehungen, endlich die künstlerischen Motive
sophokle1v3soph_0011.png	147 664 2000 730	des Dichters. Unmöglich darf auch nur die Schule bei dem
sophokle1v3soph_0011.png	136 735 1934 802	nächsten Wortverständnisse stehen bleiben. Ist ein Gymna-
sophokle1v3soph_0011.png	118 807 1936 873	siast nach langen mühevollen Jahren so weit vorgerückt, dass
sophokle1v3soph_0011.png	147 878 1936 944	er unter verständiger Anleitung zum Sophokles Zutritt er-
sophokle1v3soph_0011.png	146 950 1940 1015	langt, so darf er auf etwas mehr Anspruch machen, als den
sophokle1v3soph_0011.png	146 1021 1944 1085	Dichter als Beispielsammlung syntaktischer oder metrischer
sophokle1v3soph_0011.png	145 1091 1938 1158	Regeln oder als Anknüpfungspunkt philologischer Gelehrsam-
sophokle1v3soph_0011.png	145 1161 1941 1227	keit gemissbraucht zu sehen. Mindestens soll ihm dann eine
sophokle1v3soph_0011.png	144 1231 1943 1299	Vorahnung gegeben werden von dem innern Kern tiefsinniger
sophokle1v3soph_0011.png	144 1302 1940 1370	Kunstschöpfungen, damit er ausser Wörtern und Phrasen
sophokle1v3soph_0011.png	147 1373 1939 1433	auch eine dauernde Liebe zu den Alten, die ihn zu dem
sophokle1v3soph_0011.png	148 1445 1939 1511	Quell seiner Bildung zurückzieht, mit ins Leben nimmt. Da-
sophokle1v3soph_0011.png	145 1517 1941 1582	her verlangen neben der gründlichsten sprachlichen und histo-
sophokle1v3soph_0011.png	144 1588 1943 1654	rischen Erklärung die poetischen und rhetorischen Kunst-
sophokle1v3soph_0011.png	147 1660 1943 1712	schönheiten die volle Aufmerksamkeit. Auf diese im Einzelnen
sophokle1v3soph_0011.png	143 1731 1943 1797	hinzudeuten und stets den Zusammenhang zu vergegenwär-
sophokle1v3soph_0011.png	146 1803 1942 1869	tigen, ist ein Hauptzweck der Anmerkungen, während Gestal-
sophokle1v3soph_0011.png	147 1875 1942 1940	tung und Tendenz des Ganzen anschaulich zu machen Auf-
sophokle1v3soph_0011.png	147 1946 1947 2013	gabe der Einleitungen zu den einzelnen Stücken ist. Ausser
sophokle1v3soph_0011.png	148 2017 1941 2081	einer übersichtlichen Entwicklung des Ganges der Dramen
sophokle1v3soph_0011.png	146 2088 1943 2154	mussten dort der mythische Stoff und die seiner künstlerischen
sophokle1v3soph_0011.png	151 2160 1942 2224	Gestaltung zu Grunde liegenden sittlichen und dichterischen
sophokle1v3soph_0011.png	147 2231 1942 2295	Motive entwickelt werden. Die allgemeine Einleitung kann
sophokle1v3soph_0011.png	148 2302 1946 2362	ich natürlich erst dann schreiben, wenn ich sämmtliche Stücke
sophokle1v3soph_0011.png	151 2373 920 2437	ebenso ausgerarbeitet habe.
sophokle1v3soph_0011.png	292 2444 1944 2509	Die Kürze gebot, in der Regel nur die eigene Auffas-
sophokle1v3soph_0011.png	149 2516 1942 2581	sung hinzustellen, mag diese von den Vorgängern entlehnt,
sophokle1v3soph_0011.png	147 2587 2012 2653	mag sie mir eigen sein. Eine in streng philologischen Werken
sophokle1v3soph_0011.png	154 2659 1944 2723	mit Fug und Recht übliche Angabe des von Frühern Geleiste-
sophokle1v3soph_0011.png	153 2730 1944 2795	ten, so wie Polemik gegen andere Ansichten, vertrug sich mit
sophokle1v3soph_0011.png	152 2802 1941 2866	dem Plane dieser Ausgabe selbst da nicht, wo etwa Gelungenes
sophokle1v3soph_0011.png	152 2872 1946 2937	mit den eigenen Worten der Uhreber gegeben ist. In der
sophokle1v3soph_0011.png	152 2944 1941 3007	Einleitung zum Aias z. B. wird man ein theilweises An-
sophokle1v3soph_0011.png	154 3015 1939 3075	schliessen an Welcker nicht verkennen, so sehr ich in den
sophokle1v3soph_0011.png	153 3086 2074 3151	Angelpunkten seiner klassischen Abhandlung zu entschieden
sophokle1v3soph_0011.png	157 3157 1941 3223	andern Ergebnissen gelangt bin: manch gutes Wort in zer-
sophokle1v3soph_0011.png	152 3229 1944 3365	streuten Aufsätzen und Zeitschriften durfte dem Dichter nicht verloren gehen. Die Quellen meiner Weisheit sind überdem
sophokle1v3soph_0070.png	263 243 332 293	56
sophokle1v3soph_0070.png	906 230 1354 318	ΣΟΦΟΚΛΕΥΣ
sophokle1v3soph_0070.png	256 372 1646 459	καὶ τοὺς μὲν ηὐχένιζε, τοὺς δʼ ἄνω τρέπων
sophokle1v3soph_0070.png	259 458 1414 548	ἔσφαζε κἀρράχιζε, τοὺς δὲ δεσμίους
sophokle1v3soph_0070.png	175 542 1570 627	300 ᾐκίζεθ’, ὥστε φῶτας, ἐν ποίμναις πίτνων.
sophokle1v3soph_0070.png	166 627 1453 709	τέλος δʼ ὑπᾴξας διὰ θυρῶν, σκιᾷ τινὶ
sophokle1v3soph_0070.png	254 711 1545 797	λόγους ἀνέσπα, τοὺς μὲν Ἀτρειδῶν κάτα,
sophokle1v3soph_0070.png	252 796 1720 885	τοὺς δʼ ἀμφʼ Ὀδυσσεῖ, συντιθεὶς γέλων πολύν,
sophokle1v3soph_0070.png	255 881 1422 966	ὅσην κατʼ αὐτῶν ὕβριν ἐκτίσαιτʼ ἰών·
sophokle1v3soph_0070.png	171 964 1500 1052	305 κἄπειτʼ ἐπᾴξας αὖθις ἐς δόμους πάλιν,
sophokle1v3soph_0070.png	254 1051 1567 1136	ἔμφρων μόλις πως ξὺν χρόνῳ καθίσταται,
sophokle1v3soph_0070.png	205 1135 1443 1222	καὶ πλῆρες ἄτης ὡς διοπτεύει στέγος,
sophokle1v3soph_0070.png	254 1220 1449 1305	παίσας κάρα θώυξεν· ἐν δʼ ἐρειπίοις
sophokle1v3soph_0070.png	256 1305 1421 1391	νεκρῶν ἐρειφθεὶς ἕζετʼ ἀρνείου φόνου,
sophokle1v3soph_0070.png	119 1389 1381 1475	310 κόμην ἀπρὶξ ὄνυξι συλλαβὼν χερί.
sophokle1v3soph_0070.png	252 1473 1675 1561	καὶ τὸν μὲν ἧστο πλεῖστον ἄφθογγος χρόνον·
sophokle1v3soph_0070.png	247 1602 2018 1666	den zur Seite treten. Durch εὔε- gegen seine vermeintlichen Gegner
sophokle1v3soph_0070.png	246 1663 2018 1722	ρόν τʼ ἄγραν gewinnen wir die damals wenigstens zum Theil schon
sophokle1v3soph_0070.png	247 1721 2020 1780	Schafheerden, die nicht fehlen durf- vollbracht war. Auf die nächt-
sophokle1v3soph_0070.png	1165 1775 2017 1838	liche ἔξοδος (287) weist ἰών leise
sophokle1v3soph_0070.png	245 1779 680 1837	ten, vgl. 62 ff.
sophokle1v3soph_0070.png	248 1831 2013 1895	298. ἄνω τρέπων (αὐερύσας) hin, welches wie μολών, παρών,
sophokle1v3soph_0070.png	244 1891 2019 1949	ἔσφαζε, resupinato capite gut- ἔχων von den Tragikern gern zur
sophokle1v3soph_0070.png	246 1949 860 2008	tur feriebat, vgl. 235ff.
sophokle1v3soph_0070.png	1168 1949 2011 2001	Füllung der Rede beigefügt wird,
sophokle1v3soph_0070.png	303 2003 2019 2065	300. ἐν ποίμναις πίτνων um die Handlung lebendiger auszu-
sophokle1v3soph_0070.png	245 2061 2126 2120	stand 185 richtig von Ueberfall malen: Phil. 353 εἰ τἀπὶ Τροίᾳ
sophokle1v3soph_0070.png	246 2116 2019 2179	der gesammten Heerden, ist aber πέργαμʼ αἱρήσοιμʼ ἰών. Ant. 764
sophokle1v3soph_0070.png	243 2174 2013 2234	hier unerträglich und scheint aus δράτω, φρονείτω μεῖζον ἢ κατʼ
sophokle1v3soph_0070.png	239 2231 1633 2291	jener Stelle interpolirt. Möglich ἄνδρʼ ἰών und oft.
sophokle1v3soph_0070.png	236 2286 2092 2349	wäre ἐν ποίμναις πονῶν an 308 f. Beide Genitive ἀρν. φό-
sophokle1v3soph_0070.png	239 2346 2018 2402	Heerdenthieren sich mühend νου und νεκρῶν hängen von ἐν
sophokle1v3soph_0070.png	243 2402 2019 2459	(vgl. 366), wenn nicht der ächte ἐρειπίοις ab, unter den hinge-
sophokle1v3soph_0070.png	246 2458 2017 2518	Versschluss ganz verwischt ist, stürzten Leichen des Heer-
sophokle1v3soph_0070.png	247 2513 2018 2576	etwa in dem Sinne κακὰ δεννάζων denmords. Ἐν ἐρειπίοις
sophokle1v3soph_0070.png	248 2575 694 2632	ῥήματα nach 243.
sophokle1v3soph_0070.png	1166 2571 2017 2632	ἐρειφθείς, wie ἐν ζυγοῖσι κνώ-
sophokle1v3soph_0070.png	304 2627 2016 2687	301. σκιᾷ τινι, weil Tekmessa δαλα ζευγνύναι ζεύγλαισι δουλεύ-
sophokle1v3soph_0070.png	246 2686 2016 2736	im Zelte meinte, Aias habe in sei- ὄντα, κακαῖς νούσοισι κακοῦσθαι
sophokle1v3soph_0070.png	248 2743 2068 2798	nem Wahn mit einem Trugbilde und ähnliche Zusammenstellungen
sophokle1v3soph_0070.png	1111 2800 2014 2852	gleichstämmiger Wörter bei den
sophokle1v3soph_0070.png	249 2804 518 2858	gesprochen.
sophokle1v3soph_0070.png	305 2857 1727 2914	302. ἀνασπᾶν, mit Prahle- Tragikern beliebt sind.
sophokle1v3soph_0070.png	246 2910 2016 2972	rei herausstossen, wie Me- 310. ὄνυξι neben χειρί der
sophokle1v3soph_0070.png	248 2968 2009 3028	nander ῾Ραπιζομένῃ fr. 7 Πόθεν Anschaulichkeit wegen, wie Eur.
sophokle1v3soph_0070.png	248 3026 2009 3086	γάρ, ὦ φίλοι θεοί, Τούτους ἀνε- Phön. 1390 ἔγχος ἐκ χερὸς τῆςδ’
sophokle1v3soph_0070.png	252 3083 2137 3153	σπάκασιν οὗτοι τοὺς λόγους; ἀπʼ ὠλένης βαλεῖν. Aehnlich λὰξ
sophokle1v3soph_0070.png	266 3139 2006 3200	303. συντιθείς, τοῖς λόγοις ποδὶ κινῆσαι, τῇ χειρὶ πὺξ παίειν.
sophokle1v3soph_0070.png	1072 3195 2137 3256	ὀδὰξ βῶλον ὀδοῦσι λάζεσθαι und
sophokle1v3soph_0070.png	252 3196 578 3253	συμμιγνύς.
sophokle1v3soph_0070.png	310 3253 2137 3329	304. ἐκτίσαιτο nicht ἐκτί- die Figur καθ᾽ ὅλον καὶ μέρος, zu
sophokle1v3soph_0070.png	254 3308 1701 3366	σοιτο, weil die ὕβρις des Aias Ant. 971 f. Phil. 747.
sophokle1v3soph_0016.png	907 206 1253 249	EINLEITUNG
sophokle1v3soph_0016.png	171 334 1973 411	mit Achilleus den gefährlichsten Stand im Schiffslager ge-
sophokle1v3soph_0016.png	169 404 1976 478	wählt, ἠνορέῃ πίσυνος καὶ κάρτεϊ χειρῶν, zu Ai. 4. Mit
sophokle1v3soph_0016.png	169 476 2041 539	Leib und Seele Krieger, kennt dieser Held ohne Furcht und
sophokle1v3soph_0016.png	170 546 1973 604	Tadel keinerlei Gefahr: nicht sowohl mit berechnender Kühn-
sophokle1v3soph_0016.png	169 616 1979 683	heit angreifend, noch listige Anschläge ersinnend, als fest auf
sophokle1v3soph_0016.png	171 687 1974 757	dem Platze in offener Feldschlacht ausharrend und den Fein-
sophokle1v3soph_0016.png	171 756 1977 825	den hartnäckig wehrend, φέρων σάκος ἠύτε πύργον, tritt er
sophokle1v3soph_0016.png	171 828 1978 889	stets mit würdevoller Ruhe auf. Bieder und gerade ergreift
sophokle1v3soph_0016.png	172 897 1977 966	er selten anders das Wort, als wo er im Kampfe die Seinen
sophokle1v3soph_0016.png	171 965 2097 1042	zum Ausharren anspornt, obschon er unter den ἄνδρες βου-
sophokle1v3soph_0016.png	171 1037 1977 1112	ληφόροι nicht fehlt: was er spricht, ist kurz und derb, wie
sophokle1v3soph_0016.png	171 1105 1981 1177	Pindaros ihn ἄγλωσσος μὲν, ἦτορ δʼ ἄλκιμος nennt. Hat
sophokle1v3soph_0016.png	172 1179 1980 1248	der jugendlich schöne Achilleus Raschheit (ll. 13, 324) und
sophokle1v3soph_0016.png	171 1249 1979 1313	Anmuth, Milde und Schmeidigkeit seines Wesens und Freude
sophokle1v3soph_0016.png	174 1320 1981 1388	an Spiel und Gesang vor ihm voraus, streift Aiasʼ kolossaler
sophokle1v3soph_0016.png	172 1391 1980 1458	Körper und gigantische Kraft an das Riesige, die Dichtungen
sophokle1v3soph_0016.png	171 1461 1979 1525	von beiden Idealen des Heroenthums begegnen sich auf über-
sophokle1v3soph_0016.png	172 1533 1979 1596	raschende Weise in wesentlichen Punkten, und der tragische
sophokle1v3soph_0016.png	171 1603 1980 1668	Untertang Beider ruht auf gleichem ethischen Grunde. Gleich-
sophokle1v3soph_0016.png	172 1674 1979 1738	wie Achilleus durch Thetisʼ Taufe gefeit war, so ist Aias
sophokle1v3soph_0016.png	176 1745 1978 1807	durch Umhüllung der herakleischen Löwenhaut unverwundbar,
sophokle1v3soph_0016.png	175 1815 1979 1867	nur dass die Achsel oder Hüfte vom Zauber unberührt blieb
sophokle1v3soph_0016.png	174 1886 1977 1949	und er daher, aller Vollkommenheit ungeachtet, eine schwache
sophokle1v3soph_0016.png	175 1957 1978 2020	Stelle am Körper trug, wie Achilleus die Ferse. *) Aiasʼ Zorn
sophokle1v3soph_0016.png	176 2027 1978 2091	gegen die Atriden nach dem Waffengerichte ist das Seiten-
sophokle1v3soph_0016.png	174 2097 1978 2163	stück zu Achilleus' Zorn in Folge der Beleidigung Agamem-
sophokle1v3soph_0016.png	171 2167 1979 2221	nons in der Ilias: doch nimmt der unversöhnte Aias seinen
sophokle1v3soph_0016.png	176 2237 1980 2303	Groll auch in die Unterwelt mit. Nach der äginetischen,
sophokle1v3soph_0016.png	174 2307 1980 2374	von Pindaros besonders verbreiteten Stammsage wurden gar
sophokle1v3soph_0016.png	173 2377 1979 2442	Peleus und Telamon als Brüder auf Aegina und Salamis be-
sophokle1v3soph_0016.png	175 2447 1978 2514	trachtet, wesshalb Ai. 645 Aias den Aiakiden beigezählt wird.
sophokle1v3soph_0016.png	174 2518 1978 2586	Die nachhomerischen Dichter versezten Achileus wie Aias
sophokle1v3soph_0016.png	176 2588 1508 2657	auf die lnseln der Seligen oder nach Leuke.
sophokle1v3soph_0016.png	318 2657 1981 2723	Strafbare Ueberhebung des Aias tritt in der Ilias nicht
sophokle1v3soph_0016.png	172 2729 1978 2798	hervor, weil er nicht zur tragischen Hauptperson des Ge-
sophokle1v3soph_0016.png	176 2797 1980 2870	dichtes bestimmt ist. Wohl aber verräth sich sein trotzig
sophokle1v3soph_0016.png	174 2867 1978 2935	pochendes Selbstgefühl 7, 196, wo er die Achäer leise zu
sophokle1v3soph_0016.png	176 2938 1979 3024	Zeus für seinen Sieg beten heisst, damit die Troer es nicht
sophokle1v3soph_0016.png	290 3117 1977 3177	Bei Aeschylos versuchte daher Aias vergebens sich in das Schwert
sophokle1v3soph_0016.png	175 3174 1971 3231	zu stürzen, da dieses ἐκάμπτετο, bis ein Dämon ihm die verwundbare
sophokle1v3soph_0016.png	176 3228 1865 3289	Stelle zeigte, Schol. Ai. 834. Vielleicht geht auch Ai. 834 darauf.
sophokle1v3soph_0125.png	868 217 1036 262	ΑΙΑΣ.
sophokle1v3soph_0125.png	600 359 1224 429	ΜΕΝΕΛΑΟΣ
sophokle1v3soph_0125.png	62 424 1443 506	μέγʼ ἄν τι κομπάσειας, ἀσπίδʼ εἰ λάβοις.
sophokle1v3soph_0125.png	754 531 1215 599	ΤΕΥΚΡΟΣ.
sophokle1v3soph_0125.png	62 595 1311 679	κἂν ψιλὸς ἀρκέσαιμι σοί γʼ ὡπλισμένῳ.
sophokle1v3soph_0125.png	728 681 1168 770	ΜΕΝΕΛΑΟΣ.
sophokle1v3soph_0125.png	61 767 1431 846	ἡ γλῶσσά σου τὸν θυμὸν ὡς δεινὸν τρέφει.
sophokle1v3soph_0125.png	750 857 1256 942	ΤΕΥΚΡΟΣ.
sophokle1v3soph_0125.png	32 939 1333 1017	ξὺν τῷ δικαίῳ γὰρ μέγʼ ἔξεστιν φρονεῖν.
sophokle1v3soph_0125.png	672 1043 1209 1112	ΜΕΝΕΛΑΟΣ.
sophokle1v3soph_0125.png	67 1109 1348 1187	δίκαια γὰρ τόνδʼ εὐτυχεῖν, κτείναντά με;
sophokle1v3soph_0125.png	673 1210 1142 1281	ΤΕΥΚΡΟΣ.
sophokle1v3soph_0125.png	64 1277 1509 1355	κτείναντα; δεινόν γʼ εἶπας, εἰ καὶ ζῇς θανών.
sophokle1v3soph_0125.png	597 1374 1167 1451	ΜΕΝΕΛΑΟΣ.
sophokle1v3soph_0125.png	63 1447 1295 1526	θεὸς γὰρ ἐκσῴζει με, τῷδε δʼ οἴχομαι.
sophokle1v3soph_0125.png	650 1553 1196 1622	ΤΕΥΚΡΟΣ.
sophokle1v3soph_0125.png	59 1621 1309 1699	μή νυν ἀτίμα θεούς, θεοῖς σεσῳσμένος.
sophokle1v3soph_0125.png	729 1725 1166 1795	ΜΕΝΕΛΑΟΣ.
sophokle1v3soph_0125.png	62 1791 1283 1871	ἐγὼ γὰρ ἂν ψέξαιμι δαιμόνων νόμους;
sophokle1v3soph_0125.png	680 1897 1141 1967	ΤΕΥΚΡΟΣ.
sophokle1v3soph_0125.png	63 1962 1402 2041	εἰ τοὺς θανόντας οὐκ ἐᾷς θάπτειν παρών.
sophokle1v3soph_0125.png	1743 205 1836 254	111
sophokle1v3soph_0125.png	1682 949 1948 992	1125
sophokle1v3soph_0125.png	62 2148 1845 2211	licher, da die Polizeisoldaten, meist 1130 f. ἂν ψέξαιμι, ich sollte
sophokle1v3soph_0125.png	1061 2211 1848 2263	... ., fragt Men. verwundert, da
sophokle1v3soph_0125.png	62 2209 918 2268	skythische Barbaren, denselben Na-
sophokle1v3soph_0125.png	62 2271 370 2311	men führten.
sophokle1v3soph_0125.png	124 2354 919 2406	1124. Deine Zunge nährt
sophokle1v3soph_0125.png	64 2411 916 2464	(lässt wachsen) deinen Muth wie
sophokle1v3soph_0125.png	63 2468 916 2520	gewaltig! du hast es sehr in
sophokle1v3soph_0125.png	51 2525 741 2575	Worten, bist ein Maulheld.
sophokle1v3soph_0125.png	122 2609 911 2667	1125. ξὺν τῷ δικ., vgl. Phil.
sophokle1v3soph_0125.png	65 2671 187 2712	1251.
sophokle1v3soph_0125.png	123 2752 914 2802	1127. κτείναντα, so viel an
sophokle1v3soph_0125.png	62 2810 914 2869	ihm lag, s. 97 ff. und vgl. 970. 1128
sophokle1v3soph_0125.png	62 2866 917 2924	τῷδε οἴχομαι. Menelaos’ unvor-
sophokle1v3soph_0125.png	63 2925 917 2977	sichtiger Ausdruck giebt dem Teu-
sophokle1v3soph_0125.png	63 2983 917 3030	kros, wie öfter in diesem Wort-
sophokle1v3soph_0125.png	62 3039 917 3097	wechsel, Gelegenheit zur Verhöh-
sophokle1v3soph_0125.png	63 3095 921 3156	nung. Mit δεινόν γʼ εἶπας
sophokle1v3soph_0125.png	62 3153 932 3212	vgl. Phil. 1225. O. C. 861. - καί
sophokle1v3soph_0125.png	63 3212 497 3263	gehört zu θανών.
sophokle1v3soph_0125.png	120 3295 699 3353	1128. τῷδε, vgl. 970.
sophokle1v3soph_0125.png	991 2267 1846 2319	er nicht begreift, wodurch er die
sophokle1v3soph_0125.png	991 2325 1841 2382	göttlichen Satzungen (vgl. 1343. Ant.
sophokle1v3soph_0125.png	990 2382 1841 2433	450 ff. 1070 ff.) missachten sollte,
sophokle1v3soph_0125.png	1850 1803 1948 1845	1130
sophokle1v3soph_0125.png	989 2439 1848 2494	worauf ihm Teukros sagt, inwie-
sophokle1v3soph_0125.png	986 2494 1908 2552	fern er dieses thue, wogegen sich
sophokle1v3soph_0125.png	991 2554 1847 2598	dann Men. verantwortet. Teukros
sophokle1v3soph_0125.png	990 2612 1848 2671	erweitert den speciellen Gedanken
sophokle1v3soph_0125.png	991 2669 1847 2719	durch θανόντας, um Menelaos’
sophokle1v3soph_0125.png	991 2725 1844 2780	Gottlosigkeit in desto grelleres
sophokle1v3soph_0125.png	989 2784 1463 2841	Licht zu stellen.
sophokle1v3soph_0125.png	1049 2838 1841 2899	1131. εἰ οὐκ ἐᾷς θάπτειν,
sophokle1v3soph_0125.png	990 2897 1846 2956	näml. ψέγεις δαιμ. νόμους. -
sophokle1v3soph_0125.png	990 2955 1849 3012	Ueber παρών sagt Hermann: ,,Est
sophokle1v3soph_0125.png	989 3012 1844 3070	in huiusmodi additamentis saepe
sophokle1v3soph_0125.png	990 3070 1843 3127	indignationis quaedam signifca-
sophokle1v3soph_0125.png	993 3127 1843 3179	tio, similiter ut cum nos dicimus:
sophokle1v3soph_0125.png	989 3184 1843 3233	wenn du kommst, und die Todten
sophokle1v3soph_0125.png	989 3241 1840 3298	nicht willst begraben lassen." Vgl.
sophokle1v3soph_0125.png	990 3300 1249 3343	331. 1098.
sophokle1v3soph_0048.png	238 197 307 248	34
sophokle1v3soph_0048.png	900 204 1348 248	ΣΟΦΟΚΛΕΟΥΣ
sophokle1v3soph_0048.png	112 325 1404 411	κυνὸς Λακαίνης ὥς τις εὔρινος βάσις.
sophokle1v3soph_0048.png	230 410 1344 486	ἔνδον γὰρ ἁνὴρ ἄρτι τυγχάνει, κάρα
sophokle1v3soph_0048.png	172 496 1465 584	10 στάζων ἰδρᾶτι καὶ χέρας ξιφοκτόνους.
sophokle1v3soph_0048.png	228 580 1634 654	καί σ’ οὐδὲν εἴσω τῆςδε παπταίνειν πύλης
sophokle1v3soph_0048.png	233 664 1455 753	ἔτ’ ἔργον ἐστίν, ἐννέπειν δ’ ὅτου χάριν
sophokle1v3soph_0048.png	190 747 1650 823	σπουδὴν ἔθου τήνδ’, ὡς παρ’ εἰδυίας μάθιῃς.
sophokle1v3soph_0048.png	904 843 1323 918	ΟΔΥΣΣΕΥΣ.
sophokle1v3soph_0048.png	228 915 1602 1002	ὦ φθέγμ’ Ἀθάνας, φιλτάνης ἐμοὶ θεῶν, –
sophokle1v3soph_0048.png	173 1001 1484 1077	15 ὡς εὐμαθές σου, κἂν ἄποπτος ᾖς ὅμως,
sophokle1v3soph_0048.png	232 1085 1376 1163	φώνημ’ ἀκούω καὶ ξυναρπάζω φρενί,
sophokle1v3soph_0048.png	226 1169 1518 1245	χαλκοστόμου κώδωνος ὡς Τυρσηνικῆς· –
sophokle1v3soph_0048.png	282 1320 2012 1386	8. Die angeblich von Hund und freudig überrascht ὧ φθέγμ’ Α-
sophokle1v3soph_0048.png	225 1384 2012 1437	Fuchs stammenden Hunde der la- θάνας (O. C. 863), und fügt zur
sophokle1v3soph_0048.png	225 1443 2011 1501	konischen Jäger und Hirten auf dem Begründung dieser bestimmten An-
sophokle1v3soph_0048.png	224 1499 2011 1558	Taygetos waren wegen ihrer Schnel- rede hinzu ὡς (wie oft nach Voca-
sophokle1v3soph_0048.png	224 1556 2010 1615	ligkeit und Spürkraft berühmt. Si- tiven γάρ, Rhes. 608 sagt Odys-
sophokle1v3soph_0048.png	225 1608 2011 1671	monides empfiehlt κύνα Ἀμυκλαίαν seus : Δέσποιν’ Ἀθάνα· φθέγμα-
sophokle1v3soph_0048.png	226 1669 2007 1728	als Muster der Behendigkeit, und τος γὰρ ᾐσθόμην Τοῦ σοῦ συνήθη
sophokle1v3soph_0048.png	224 1725 2010 1788	Pindar Hyporch. 3 räth ἀπὸ Ταϋ- γῆρυν.) εὐμαθές σου φώνημ’ ἀ-
sophokle1v3soph_0048.png	224 1782 2011 1841	γέτοιο Λάκαιναν ἐπὶ θηρσὶ κύνα κούω καὶ ξ. φρενί (gleich klar
sophokle1v3soph_0048.png	225 1839 2010 1897	τρέφειν, πυκινώτατον έρπετόν. Da- werde ich deiner Stimme geistig
sophokle1v3soph_0048.png	225 1897 2005 1950	her die veloces Spartae catuli Virg. inne. wie das Ohr den hellen
sophokle1v3soph_0048.png	227 1954 2005 2012	Georg. 3, 405. Horat. Epod. 6, 5, Klang der Drommete vernimmt).
sophokle1v3soph_0048.png	222 2011 2008 2068	genus audax avidumque (ferae Se- Mit καὶ νῦν bestätigt er dann
sophokle1v3soph_0048.png	225 2066 2010 2126	nec. Hippol. 35. - Verb. εὖ σε Athenes Behauptung 3. – ἄπο-
sophokle1v3soph_0048.png	224 2121 2004 2182	ἐκφέρει βάσις, ὡς εὔρινός τις βά- πτος, ἀπ’ ὄψεως, ἀπ’ ὀμμάτων,
sophokle1v3soph_0048.png	226 2181 2008 2241	σις (d. i. εὐόσφρητος πορεία) κυ- aus dem Blicke weg, unsicht-
sophokle1v3soph_0048.png	224 2237 2001 2293	νός, indem das eigentlich zu κύων bar, O. R. 762. Phil. 467. El. 1489,
sophokle1v3soph_0048.png	226 2292 2004 2348	gehörende Epitheton sich an βάσις Vgl. Einl. S. 8. In Eur. Iph. Taur.
sophokle1v3soph_0048.png	227 2351 2007 2407	angeschlossen hat, zu O. R. 1376. 1414 sagt Athene selbst, indem sie
sophokle1v3soph_0048.png	284 2407 2002 2467	10. ξιφοκτόνους, zu denken den entfernten Orestes anspricht:
sophokle1v3soph_0048.png	227 2461 2007 2523	φόνῳ, αίματι (στάζων), vgl. 633. κλύεις γὰρ αὐδήν, καίπερ οὐ πα-
sophokle1v3soph_0048.png	285 2516 2001 2576	14 f. O Stimme der Athene ρών, θεᾶς. Vgl. Eur. Hipp. 85 f.
sophokle1v3soph_0048.png	226 2577 2002 2628	- denn deinen Klang er- und die ähnlichen Worte O. B.
sophokle1v3soph_0048.png	227 2634 1311 2693	kenne, ich immer deutlich 1325 f.
sophokle1v3soph_0048.png	228 2690 2008 2748	(κἄν ᾖς allgemein, nicht κεἰ εἶ), 17, Die kunstfertigen Etrusker
sophokle1v3soph_0048.png	226 2748 2007 2800	magst du auch meinem Blick galten für Erfinder der lauttönen-
sophokle1v3soph_0048.png	228 2805 2008 2862	entrückt sein –, auch jetzt den Erzdrommete (hier nach der
sophokle1v3soph_0048.png	229 2860 2001 2915	gehe ich einem Feinde (2) weiten Mündung κώδων genannt),
sophokle1v3soph_0048.png	229 2919 1999 2975	nach, wie du richtig erkann- deren die Tragiker oft erwähnen,
sophokle1v3soph_0048.png	229 2972 2006 3032	test. Athene, die schon lange den wie Aeschylus Eum. 537 ἡ διάτο-
sophokle1v3soph_0048.png	232 3030 2007 3090	Odysseus begleitet (36), hatte ihn ρος Τυρσηνικὴ σάλπιγξ´ Υπέρτονον
sophokle1v3soph_0048.png	227 3088 2000 3146	plötzlich angeredet, ehe er ihre γήρυμα φαινέτω στρατῷ. Eur.
sophokle1v3soph_0048.png	232 3140 2004 3202	Gegenwart gewahr geworden: weil Phoen. 1392. Heracl. 835. Derselbe
sophokle1v3soph_0048.png	230 3199 1999 3261	aber die Stimme ihm gleich seine Vergleich Il. 18, 219 ὡς δ’ ὅτ’
sophokle1v3soph_0048.png	231 3257 2003 3317	Schutzgöttin verräth, so ruft er ἀριζήλη φωνή, ὅτὲ τ’ ἴαχε σάλ-
sophokle1v3soph_0012.png	194 248 282 281	VIII
sophokle1v3soph_0012.png	595 236 1578 287	VORWORT ZUR ERSTEN AUFLAGE.
sophokle1v3soph_0012.png	198 367 1974 432	den Mitforschern bekannt oder leicht zu ergründen, dem Ler-
sophokle1v3soph_0012.png	196 438 1971 500	nenden kommt es nicht darauf an, woher, sondern was ihm
sophokle1v3soph_0012.png	197 508 1972 575	geboten wird. Wer aber Fremdes nicht vom Eigenen schei-
sophokle1v3soph_0012.png	199 579 1971 643	den kann oder mag, dem gestatte ich mit Freuden, Alles,
sophokle1v3soph_0012.png	196 651 1974 710	was man mir etwa zum Lobe anrechnen könnte, abzuziehen,
sophokle1v3soph_0012.png	197 721 1974 785	während ich natürlich die volle Verantwortung für alles Ver-
sophokle1v3soph_0012.png	198 791 1833 856	fehlte trage, sei es mir eigen oder mit Andern gemein.
sophokle1v3soph_0012.png	338 861 1976 924	Mit Citaten habe ich Haus gehalten, die gegebenen sind
sophokle1v3soph_0012.png	194 931 1977 1001	jedesmal für das Verständniss des Dichters von Belang. Na-
sophokle1v3soph_0012.png	197 1002 2070 1062	mentlich wird der Lehrer darauf sehen, dass die Hinaus-
sophokle1v3soph_0012.png	196 1072 1981 1138	weisungen auf den Verlauf und die Rückweisungen sorgfältig
sophokle1v3soph_0012.png	196 1143 1980 1208	beachtet und die fein gesponnenen Fäden des Dichters nicht
sophokle1v3soph_0012.png	199 1215 1978 1278	aus den Händen gelassen werden. Ausser solchen Citaten
sophokle1v3soph_0012.png	197 1285 1978 1357	wird man es mir vielleicht Dank wissen, dass die dem
sophokle1v3soph_0012.png	194 1352 1980 1428	Ὁμηρικώτατος vorschwebenden Homerischen Stellen, die aus
sophokle1v3soph_0012.png	200 1427 1979 1491	der Homerischen Sprache entlehnten Wendungen oder die
sophokle1v3soph_0012.png	198 1497 1979 1561	Homerischen Gedanken und Bilder mit Fleiss nachgewiesen
sophokle1v3soph_0012.png	201 1567 1980 1629	sind. Auch andere, zumal ältere Dichterstellen habe ich
sophokle1v3soph_0012.png	200 1639 1979 1705	beigebracht, sobald es für die Auffassung des Sophokles er-
sophokle1v3soph_0012.png	204 1711 725 1778	spriesslich schien.
sophokle1v3soph_0012.png	341 1780 1981 1846	Mag man nun im Einzelnen tadeln und bessern so viel
sophokle1v3soph_0012.png	200 1851 1980 1912	man kann – und Niemand wird sich lebhafter freuen, wenn
sophokle1v3soph_0012.png	203 1923 1982 1988	dadurch Kritik und Erklärung gef̈ördert wird –: das einge-
sophokle1v3soph_0012.png	200 1993 1980 2047	haltene Verfahren im Ganzen wünsche ich von einsichtsvol-
sophokle1v3soph_0012.png	201 2064 1981 2130	len Männern um so mehr gebilligt zu sehen, je mehr ich
sophokle1v3soph_0012.png	201 2134 1983 2202	von seiner Zweckmässigkeit überzeugt bin und mit je innige-
sophokle1v3soph_0012.png	203 2206 1981 2270	rer Liebe ich mich der Aufgabe gewidmet habe. Die Erin-
sophokle1v3soph_0012.png	203 2276 1982 2341	nerungen tüchtiger Kenner werden mir, je strenger sie die
sophokle1v3soph_0012.png	206 2346 1982 2406	Sache nehmen, desto lieber sein, zumal wenn sie nicht zu
sophokle1v3soph_0012.png	204 2417 1981 2485	lange warten lassen, damit ich für die folgenden Bändchen
sophokle1v3soph_0012.png	206 2488 1433 2552	sie nach bestem Wissen beherzigen kann.
sophokle1v3soph_0012.png	346 2559 1987 2625	Den philologischen Fachgenossen werde ich anderweit
sophokle1v3soph_0012.png	205 2630 1983 2695	Proben Sophokleischer Studien vorlegen. Vor der Hand wer-
sophokle1v3soph_0012.png	208 2700 1984 2765	den sie wohl, falls sie einen Blick in diese Schulausgabe
sophokle1v3soph_0012.png	208 2772 1987 2836	werfen, mir die Freundlichkeit erzeigen, auch ein wenig
sophokle1v3soph_0012.png	209 2843 1089 2895	zwischen den Zeilen zu lesen.
sophokle1v3soph_0012.png	325 2953 1079 3005	Göttingen im October 1849.
sophokle1v3soph_0012.png	1473 3150 1847 3223	F. W. S.
sophokle1v3soph_0120.png	250 189 423 269	106
sophokle1v3soph_0120.png	891 200 1337 246	ΣΟΦΟΚΛΕΟΥΣ
sophokle1v3soph_0120.png	968 343 1269 410	ΧΟΡΟΣ.
sophokle1v3soph_0120.png	140 405 1608 494	1040 μὴ τεῖνε μακράν, ἀλλʼ ὅπως κρύψεις τάφῳ
sophokle1v3soph_0120.png	127 491 1501 580	φράζου τὸν ἄνδρα, χὤ τι μυθήσει τάχα.
sophokle1v3soph_0120.png	241 578 1643 664	βλέπω γὰρ ἐχθρὸν φῶτα, καὶ τάχʼ ἂν κακοῖς
sophokle1v3soph_0120.png	242 661 1381 737	γελῶν ἃ δὴ κακοῦργος ἐξίκοιτʼ ἀνήρ.
sophokle1v3soph_0120.png	875 766 1404 832	ΤΕΥΚΡΟΣ.
sophokle1v3soph_0120.png	242 828 1778 906	τίς δʼ ἐστὶν, ὅντινʼ ἄνδρα προςλεύσσεις στρατοῦ;
sophokle1v3soph_0120.png	987 934 1348 1002	ΧΟΡΟΣ.
sophokle1v3soph_0120.png	11 995 1536 1075	1045 Μενέλαος, ᾧ δὴ τόνδε πλοῦν ἐστείλαμεν.
sophokle1v3soph_0120.png	819 1105 1322 1173	ΤΕΥΚΡΟΣ.
sophokle1v3soph_0120.png	242 1170 1495 1246	ὁρῶ· μαθεῖν γὰρ ἐγγὺς ὢν οὐ δυςπετής.
sophokle1v3soph_0120.png	825 1275 1337 1342	ΜΕΝΕΛΑΟΣ.
sophokle1v3soph_0120.png	242 1335 1501 1425	οὗτος, σὲ φωνῶ τόνδε τὸν νεκρὸν χεροῖν
sophokle1v3soph_0120.png	240 1424 1369 1503	μὴ συγκομίζειν, ἀλλʼ ἐᾶν ὅπως ἔχει.
sophokle1v3soph_0120.png	825 1530 1312 1599	ΤΕΥΚΡΟΣ.
sophokle1v3soph_0120.png	241 1594 1399 1671	τίνος χάριν τοσόνδʼ ἀνήλωσας λόγον;
sophokle1v3soph_0120.png	900 1701 1336 1769	ΜΕΝΕΛΑΟΣ.
sophokle1v3soph_0120.png	138 1752 1826 1851	1050 δοκοῦντʼ ἐμοί, δοκοῦντα δʼ ὃς κραίνει στρατοῦ.
sophokle1v3soph_0120.png	848 1873 1309 1940	ΤΕΥΚΡΟΣ.
sophokle1v3soph_0120.png	242 1934 1515 2012	οὔκουν ἂν εἴποις, ἥντινʼ αἰτίαν προθείς;
sophokle1v3soph_0120.png	893 2042 1341 2111	ΜΕΝΕΛΑΟΣ.
sophokle1v3soph_0120.png	239 2107 1326 2192	ὁθούνεκʼ αὐτὸν ἐλπίσαντες οἴκοθεν
sophokle1v3soph_0120.png	240 2192 1434 2269	ἄγειν Ἀχαιοῖς ξύμμαχόν τε καὶ φίλον,
sophokle1v3soph_0120.png	240 2279 1362 2354	ἐξεύρομεν ζητοῦντες ἐχθίω Φρυγῶν·
sophokle1v3soph_0120.png	229 2462 2005 2524	466 σοὶ μὲν δοκείτω ταῦτʼ, ἐμοὶ 1050. Bitterer Hohn, wie bei
sophokle1v3soph_0120.png	231 2520 485 2565	δὲ τἀντία.
sophokle1v3soph_0120.png	1150 2523 2003 2575	Iuvenalis: Hoc volo, sic iubeo:
sophokle1v3soph_0120.png	291 2579 1071 2636	1042. γελᾶν κακοῖς, wie 955.
sophokle1v3soph_0120.png	291 2635 1075 2693	1043. ἃ δή, sintemal, selten
sophokle1v3soph_0120.png	229 2693 1076 2751	statt ἄτε oder οἷα, wie Simonides
sophokle1v3soph_0120.png	227 2749 1075 2809	Amorg. 1, 3 ἃ δὴ βοτὰ Ἐφημέ-
sophokle1v3soph_0120.png	230 2808 1079 2864	ριοι ζῶμεν. Menelaos erscheint
sophokle1v3soph_0120.png	226 2864 1071 2917	hier, wie sonst bei den Tragikern,
sophokle1v3soph_0120.png	229 2920 1078 2977	als Abbild des zu Sophoklesʼ Zei-
sophokle1v3soph_0120.png	227 2977 1077 3034	ten in Athen übel berüchtigten spar-
sophokle1v3soph_0120.png	226 3033 745 3077	tanischen Charakters.
sophokle1v3soph_0120.png	287 3092 1075 3151	1047. φωνῶ, wie 1089 προ-
sophokle1v3soph_0120.png	229 3147 661 3203	φωνῶ, befehle.
sophokle1v3soph_0120.png	288 3203 1074 3252	1049. τοσόνδε, ein so ver-
sophokle1v3soph_0120.png	225 3261 1068 3309	messenes, anmassliches Wort.
sophokle1v3soph_0120.png	1149 2580 1946 2634	sit pro ratione voluntas.
sophokle1v3soph_0120.png	1196 2635 2003 2695	1051. προθείς, nämlich το-
sophokle1v3soph_0120.png	1150 2692 1731 2751	σόνδʼ ἀνήλωσας λόγον.
sophokle1v3soph_0120.png	1161 2749 2003 2808	1053. ἄγειν, vgl. 1097. Nicht
sophokle1v3soph_0120.png	1152 2807 2005 2856	ἄξειν, weil die ἐλπίς dauerte, als
sophokle1v3soph_0120.png	1149 2865 2002 2917	Aias dem Zuge sich angeschlossen
sophokle1v3soph_0120.png	1149 2922 1905 2978	und vor Troja gekämpft hatte.
sophokle1v3soph_0120.png	1209 2977 2001 3030	1054. ζητοῦντες, ἐξετάζον-
sophokle1v3soph_0120.png	1149 3034 1998 3093	τες, vgl. zu Phil. 452, Gegensatz
sophokle1v3soph_0120.png	1147 3091 1999 3138	zu ἐλπίσαντες. Menelaos, früherer
sophokle1v3soph_0120.png	1145 3147 2045 3202	Dienste vergessend, redet, als hätte
sophokle1v3soph_0120.png	1146 3204 1996 3257	Aias eben erst Gelegenheit gege-
sophokle1v3soph_0120.png	1145 3262 1675 3318	ben, ihn zu erproben.
sophokle1v3soph_0015.png	336 1092 1599 1190	EINLEITUNG ZUM AIAS.
sophokle1v3soph_0015.png	191 1439 1875 1539	1. Als Herakles den Telamon zur Theilnahme am Zuge
sophokle1v3soph_0015.png	55 1541 1874 1608	gegen Laomedon (ll. 5, 638 ff.) auffordern wollte, traf er die-
sophokle1v3soph_0015.png	54 1611 2019 1685	sen gerade bei einen festlichen Gelage. Telamon reichte
sophokle1v3soph_0015.png	54 1683 1875 1744	dem Herakles einen schäumenden Pokal, und dieser betete
sophokle1v3soph_0015.png	55 1754 1875 1822	zum Zeus, Eriboia möge seinem Gastfreunde einen gewaltigen
sophokle1v3soph_0015.png	56 1825 1874 1897	Sohn gebären, der gleich der ihn umwallenden Haut des Lö-
sophokle1v3soph_0015.png	56 1896 1876 1967	wen von Nemea ἄρρηκτος φυάν werden und löwenmuthig
sophokle1v3soph_0015.png	55 1968 1872 2032	sein möge. Flugs sandte Zeus einen grossen Adler, und He-
sophokle1v3soph_0015.png	53 2039 1874 2108	rakles deutete das Zeichen, Zeus werde dem Telamon den
sophokle1v3soph_0015.png	56 2107 1873 2182	ersehnten Sohn schenken, den er nach dem αἰετός nennen
sophokle1v3soph_0015.png	55 2175 1874 2254	solle εὐρυβίαν Αἴαντα, λαῶν ἐν πόνοις ἔκπαγλον Ἐνυ-
sophokle1v3soph_0015.png	55 2253 1035 2322	αλίου, Pindar Isthm. 5, 35 ff.
sophokle1v3soph_0015.png	195 2298 1866 2390	Der ἀντίθεος Τελαμωνιάδης von Salamis (569), Enkel
sophokle1v3soph_0015.png	54 2392 1873 2461	des Aiakos, Urenkel des Zeus (389), der ebenbürtige Sohn
sophokle1v3soph_0015.png	54 2463 1875 2530	des gewaltigen Vaters, der ihm als hohes Muster aus dem
sophokle1v3soph_0015.png	52 2534 1873 2601	herakleischen Zuge gegen Troja vorleuchtet (434 ff.), gilt in
sophokle1v3soph_0015.png	55 2606 1876 2679	der allgemeinen Vorstellung seit Homer für den nächsten der
sophokle1v3soph_0015.png	53 2674 1872 2748	Helden μετʼ ἀμύμονα Πηλείωνα, s. zu Ai. 1341. Il. 2, 768.
sophokle1v3soph_0015.png	58 2747 1872 2812	13, 321 ff. Od. 11, 550. Hektor selbst rühmt Il. 7, 288 seine
sophokle1v3soph_0015.png	42 2822 690 2885	Kraft und Klugheit:
sophokle1v3soph_0015.png	314 2922 1486 2987	Αἶαν, ἐπεί τοι δῶκε θεὸς μέγεθός τε βίην τε
sophokle1v3soph_0015.png	314 2994 1700 3057	καὶ πινυτήν, περὶ δʼ ἔγχει Ἀχαιῶν φέρτατός ἐσσι —
sophokle1v3soph_0015.png	59 3089 1869 3173	Gleich dem Ares πελώριος genannt (7, 211), da er an
sophokle1v3soph_0015.png	55 3171 1870 3247	Haupt und Schultern Alle überragt (3, 226 ff. Ai. 205, 1250 f.
sophokle1v3soph_0015.png	56 3235 1869 3313	πλατὺς καὶ εὐρύνωτος, vgl. 758), hat er, der πύργος Ἀχαιῶν,
sophokle1v3soph_0015.png	117 3335 605 3389	Sophokles I. 2. Aufl.
sophokle1v3soph_0085.png	916 220 1089 265	ΑΙΑΣ.
sophokle1v3soph_0085.png	0 334 1411 425	ὅτου δʼ ἀπορρεῖ μνῆστις εὖ πεπονθότος,
sophokle1v3soph_0085.png	107 420 1330 504	οὐκ ἂν γένοιτʼ ἔθʼ οὗτος εὐγενὴς ἀνήρ.
sophokle1v3soph_0085.png	730 530 1129 598	ΧΟΡΟΣ.
sophokle1v3soph_0085.png	99 588 1533 680	Αἴας, ἔχειν σʼ ἂν οἶκτον, ὡς κἀγὼ, φρενὶ
sophokle1v3soph_0085.png	100 676 1434 760	θέλοιμʼ ἄν· αἰνοίης γὰρ ἂν τὰ τῆςδ’ ἔπη.
sophokle1v3soph_0085.png	781 783 1097 850	ΑΙΑΣ.
sophokle1v3soph_0085.png	97 845 1576 933	καὶ κάρτʼ ἐπαίνου τεύξεται πρὸς γοῦν ἐμοῦ,
sophokle1v3soph_0085.png	97 931 1300 1013	ἐὰν μόνον τὸ ταχθὲν εὖ τολμᾷ τελεῖν.
sophokle1v3soph_0085.png	761 1053 1239 1123	ΤΕΚΜΗΣΣΑ.
sophokle1v3soph_0085.png	96 1113 1431 1194	ἀλλ’, ὦ φίλʼ Αἴας, πάντʼ ἔγωγε πείσομαι.
sophokle1v3soph_0085.png	856 1221 1179 1292	ΑΙΑΣ.
sophokle1v3soph_0085.png	91 1283 1375 1360	κόμιζέ νύν μοι παῖδα τὸν ἐμὸν, ὡς ἴδω.
sophokle1v3soph_0085.png	680 1405 1217 1476	ΤΕΚΜΗΣΣΑ.
sophokle1v3soph_0085.png	90 1467 1300 1550	καὶ μὴν φόβοισί γʼ αὐτὸν ἐξελυσάμην.
sophokle1v3soph_0085.png	876 1575 1087 1644	ΑΙΑΣ.
sophokle1v3soph_0085.png	93 1641 1388 1717	ἐν τοῖςδε τοῖς κακοῖσιν, ἢ τί μοι λέγεις;
sophokle1v3soph_0085.png	750 1760 1247 1828	ΤΕΚΜΗΣΣΑ.
sophokle1v3soph_0085.png	85 1823 1357 1905	μὴ σοί γέ που δύστηνος ἀντήσας θάνοι.
sophokle1v3soph_0085.png	780 1929 1090 1998	ΑΙΑΣ.
sophokle1v3soph_0085.png	88 1990 1383 2069	πρέπον γέ τἂν ἦν δαίμονος τοὐμοῦ τόδε.
sophokle1v3soph_0085.png	752 2113 1239 2183	ΤΕΚΜΗΣΣΑ.
sophokle1v3soph_0085.png	90 2173 1356 2256	ἀλλʼ οὖν ἐγὼ φύλαξα τοῦτό γʼ ἀρκέσαι.
sophokle1v3soph_0085.png	144 2365 946 2422	524. Tekmessa deutet auf 480
sophokle1v3soph_0085.png	85 2422 940 2478	zurück, woraus sich ἔτι erklärt,
sophokle1v3soph_0085.png	87 2477 525 2536	d. h. εἰς τὸ ἑξῆς.
sophokle1v3soph_0085.png	141 2517 721 2590	525. κἀγώ, El. 1301.
sophokle1v3soph_0085.png	138 2591 946 2643	527. Aias will gern Tekmessa
sophokle1v3soph_0085.png	80 2649 946 2697	loben -, nicht aber, wie der Chor
sophokle1v3soph_0085.png	80 2704 946 2754	räth, ihre Worte, d. h. ihr
sophokle1v3soph_0085.png	81 2762 946 2819	versprechen, leben zu wollen, son-
sophokle1v3soph_0085.png	82 2817 945 2875	dern, wie er παρὰ προςδοκίαν
sophokle1v3soph_0085.png	80 2876 942 2926	hinzufügt, wenn sie ihm in allen
sophokle1v3soph_0085.png	83 2931 942 2983	Stücken folgsam sei. Er sorgt, sie
sophokle1v3soph_0085.png	79 2987 943 3042	möge ihm den Eurysakes vorent-
sophokle1v3soph_0085.png	79 3044 943 3095	halten; deutet aber zugleich ver-
sophokle1v3soph_0085.png	80 3101 942 3148	steckt auf das, was er für seine
sophokle1v3soph_0085.png	79 3157 941 3328	ungestörte Vorbereitung zum Tode wünscht. 528. Beachte die Allitteration.
sophokle1v3soph_0085.png	1831 222 1893 272	71
sophokle1v3soph_0085.png	1069 2364 1887 2426	531. ἐξελυσάμην, τοῦ φόβου
sophokle1v3soph_0085.png	1013 2424 1886 2480	χάριν, ῥύσασθαι θέλουσα, ἐξήγα-
sophokle1v3soph_0085.png	1018 2480 1884 2537	γον Schol. Danach hat Hermann
sophokle1v3soph_0085.png	1020 2536 1657 2593	ἐξερρυσάμην geschrieben.
sophokle1v3soph_0085.png	1078 2617 1886 2664	532. Aias hat im Sinne den ar-
sophokle1v3soph_0085.png	1020 2678 1884 2730	gen Gedanken, den Tekmessa aus-
sophokle1v3soph_0085.png	1018 2735 1899 2789	spricht, aber er kann ihn nicht
sophokle1v3soph_0085.png	1062 2927 1881 2989	534. ἔπρεπε τῇ παρούσῃ μου
sophokle1v3soph_0085.png	1017 2988 1881 3045	τύχῃ τὸ καὶ αὐτόχειρά με τοῦ
sophokle1v3soph_0085.png	1015 3043 1882 3100	παιδὸς κατασκευάσαι Schol. Der
sophokle1v3soph_0085.png	1018 3100 1878 3157	Genitiv bei πρέπον nach Analogie
sophokle1v3soph_0085.png	1014 3157 1869 3214	von ἄξιον, wie Plat. Menex. 239 c
sophokle1v3soph_0085.png	1014 3212 1873 3270	πρεπόντως τῶν πραξάντων. Vgl.
sophokle1v3soph_0085.png	1014 3268 1678 3321	Krüger Gr. 48, 13, A. 10.
sophokle1v3soph_0085.png	1919 1312 1995 1354	530
sophokle1v3soph_0085.png	1914 2199 2134 2248	535
sophokle1v3soph_0085.png	1019 2789 1915 2847	über die Lippen bringen, wasshalb
sophokle1v3soph_0085.png	1019 2848 1712 2890	er hinter κακοῖσιν abbricht.
sophokle1v3soph_0085.png	1925 622 2002 663	525
sophokle1v3soph_0081.png	925 242 1096 285	ΑΙΑΣ.
sophokle1v3soph_0081.png	113 359 1336 440	καὶ ποῖον ὄμμα πατρὶ δηλώσω φανεὶς
sophokle1v3soph_0081.png	120 445 1441 532	Τελαμῶνι; πῶς με τλήσεταί ποτʼ εἰςιδεῖν
sophokle1v3soph_0081.png	112 529 1268 621	γυμνὸν φανέντα τῶν ἀριστείων ἄτερ,
sophokle1v3soph_0081.png	112 614 1402 704	ὧν αὐτὸς ἔσχε στέφανον εὐκλείας μέγαν;
sophokle1v3soph_0081.png	108 698 1370 777	οὐκ ἔστι τοὖργον τλητόν. ἀλλὰ δῆτʼ ἰὼν
sophokle1v3soph_0081.png	108 783 1510 871	πρὸς ἔρυμα Τρώων, ξυμπεσὼν μόνος μόνοις
sophokle1v3soph_0081.png	107 870 1458 956	καὶ δρῶν τι χρηστὸν, εἶτα λοίσθιον θάνω;
sophokle1v3soph_0081.png	107 952 1442 1030	ἀλλʼ ὧδέ γʼ Ἀτρείδας ἂν εὐφράναιμί που.
sophokle1v3soph_0081.png	109 1037 1201 1123	οὐκ ἔστι ταῦτα. πεῖρά τις ζητητέα
sophokle1v3soph_0081.png	104 1122 1299 1212	τοιάδʼ, ἀφʼ ἧς γέροντι δηλώσω πατρὶ
sophokle1v3soph_0081.png	102 1207 1535 1291	μή τοι φύσιν γʼ ἄσπλαγχνος ἐκ κείνου γεγώς.
sophokle1v3soph_0081.png	105 1290 1510 1368	αἰσχρὸν γὰρ ἄνδρα τοῦ μακροῦ χρῄζειν βίου,
sophokle1v3soph_0081.png	103 1377 1219 1454	κακοῖσιν ὅστις μηδὲν ἐξαλλάσσεται.
sophokle1v3soph_0081.png	161 1523 964 1595	464. γυμνόν wird durch ἀρι-
sophokle1v3soph_0081.png	102 1594 962 1651	στείων ἄτερ genauer erklärt, wie
sophokle1v3soph_0081.png	104 1648 963 1706	Ant. 445 ἔξω βαρείας αἰτίας ἐλεύ-
sophokle1v3soph_0081.png	100 1708 963 1763	θερον. Vgl. 750. 830. 1019. zu
sophokle1v3soph_0081.png	101 1764 957 1807	Ant. 424. Phil. 31. O. R. 1463.
sophokle1v3soph_0081.png	101 1822 962 1877	Lucret. 5, 841 portenta muta
sophokle1v3soph_0081.png	98 1879 958 1936	sine ore, sine voltu caeca.
sophokle1v3soph_0081.png	103 1936 957 1994	Schon Homer Il. 21, 50 γυμνόν,
sophokle1v3soph_0081.png	99 1991 821 2049	ἄτερ κόρυθός τε καὶ ἔγχεος.
sophokle1v3soph_0081.png	160 2047 961 2106	465. ὧν wird angeschlossen, als
sophokle1v3soph_0081.png	103 2104 961 2162	ob Aias nicht τῶν ἀριστείων, son-
sophokle1v3soph_0081.png	104 2161 962 2219	dern allgemein ἀριστείων gesagt
sophokle1v3soph_0081.png	102 2217 963 2276	hätte; es hängt von στέφανον εὐ-
sophokle1v3soph_0081.png	101 2275 958 2332	κλείας, d. h. στέφ. ευκλεᾶ (Eur.
sophokle1v3soph_0081.png	106 2330 961 2388	Suppl. 313 στέφανον εὐκλείας λα-
sophokle1v3soph_0081.png	96 2389 311 2445	βεῖν) ab.
sophokle1v3soph_0081.png	157 2441 959 2501	466. Statt dem πότερα 460 ein
sophokle1v3soph_0081.png	98 2501 959 2554	zweites Glied mit ἤ gegenüberzu-
sophokle1v3soph_0081.png	1836 237 1905 287	67
sophokle1v3soph_0081.png	1084 1532 1919 1594	474 ff. Den Grundsatz, der εὐγε-
sophokle1v3soph_0081.png	1036 1594 1903 1650	νής müsse entweder καλῶς ζῆν oder
sophokle1v3soph_0081.png	1036 1650 1897 1704	καλῶς τεθνηκέναι (vgl. Ant. 463.
sophokle1v3soph_0081.png	1037 1708 1895 1757	El. 1458 und Aias’ Worte Il. 15,
sophokle1v3soph_0081.png	1038 1765 1901 1820	511 nebst dem Epigramm auf Spar-
sophokle1v3soph_0081.png	98 2558 959 2616	stellen, schliesst der Dichter das-
sophokle1v3soph_0081.png	1038 1816 1902 1879	taner Plut. Pelop. 1 Οἵδ’ ἔθᾶνον
sophokle1v3soph_0081.png	1928 1055 2012 1098	470
sophokle1v3soph_0081.png	1034 1877 1952 1935	τὸ ζῆν θέμενοι καλὸν οὔτε τὸ
sophokle1v3soph_0081.png	1033 1934 1901 1992	θνήσκειν, Ἀλλὰ τὸ ταῦτα καλῶς
sophokle1v3soph_0081.png	1035 1991 1898 2048	ἀμφότερʼ ἐκτελέσαι.), leitet Aias
sophokle1v3soph_0081.png	1035 2048 1900 2097	durch den Gedanken ein : ,, Schmäh-
sophokle1v3soph_0081.png	1033 2104 1898 2162	lich ist es, wenn der lange zu
sophokle1v3soph_0081.png	1033 2161 1898 2210	leben trachtet, der in seinen
sophokle1v3soph_0081.png	1035 2217 1898 2260	Leiden keinerlei Wechsel
sophokle1v3soph_0081.png	1036 2275 1899 2316	erfährt: denn wie kann den Un-
sophokle1v3soph_0081.png	1034 2331 1897 2382	glücklichen erfreuen der einför-
sophokle1v3soph_0081.png	1032 2387 1897 2439	mige Wechsel der Tage de-
sophokle1v3soph_0081.png	1031 2445 1895 2498	ren jeder doch immer nur vom
sophokle1v3soph_0081.png	1030 2500 1896 2556	leidigen (γε) Sterben hinzuthut
sophokle1v3soph_0081.png	1033 2558 1895 2600	und es wieder hinausschiebt ?’’ Der
sophokle1v3soph_0081.png	96 2614 1892 2673	selbe nätürlicher als Gegensalz dem Genitiv τοῦ κατθανεῖν schliesst sich
sophokle1v3soph_0081.png	96 2659 1894 2731	nächsten οὐκ ἔστι ταῦτα an. an προςθεῖσα (τι) an; zu κἀνα-
sophokle1v3soph_0081.png	155 2726 1892 2786	467. μόνος μόνοις, zu 267. θεῖσα denke daraus αὐτό. - Das
sophokle1v3soph_0081.png	100 2790 225 2831	1283.
sophokle1v3soph_0081.png	1933 633 2010 677	465
sophokle1v3soph_0081.png	1029 2784 1988 2841	Nichtabwechseln der Leiden mit
sophokle1v3soph_0081.png	154 2838 1893 2896	469. Weil ihnen ein glücklicher Freuden (τὸ κακοῖσι μὴ ἐξαλλάσ-
sophokle1v3soph_0081.png	96 2897 1939 2958	Ueberfall gegen die Trojaner för- σεσθαι, indem auf den Menschen
sophokle1v3soph_0081.png	91 2953 1893 3011	derlich sein würde, die Stadt zu persönlich übertragen ist, was ei-
sophokle1v3soph_0081.png	1030 3009 1891 3064	gentlich von seiner Lage gilt) tritt
sophokle1v3soph_0081.png	29 3015 1893 3187	erobern. 472. φύσιν γε, wenn ich auch im Waffenstreite unterlag.
sophokle1v3soph_0081.png	1028 3123 1891 3183	Tage. An jedem neuen Tage ster-
sophokle1v3soph_0081.png	143 3180 1891 3243	473. τοῦ μακροῦ βίου, τοῦ ben wir ein Stück, insofern wir
sophokle1v3soph_0081.png	92 3237 1884 3301	γήρως, O. R. 518 βίου τοῦ μα- dem Ziele näher gerückt werden;
sophokle1v3soph_0081.png	1028 3294 1891 3348	und das Sterben wird doch jeden
sophokle1v3soph_0081.png	86 3297 512 3356	κραίωνος πόθος.
sophokle1v3soph_0081.png	1509 3369 1580 3412	5*
sophokle1v3soph_0013.png	255 613 1768 697	VORWORT ZUR ZWEITEN AUFLAGE.
sophokle1v3soph_0013.png	268 902 1920 989	Fortgesetzte Beschäftigung mit Sophokles liess mich sehr
sophokle1v3soph_0013.png	117 994 2028 1061	bald nach der Herausgabe des ersten Bändchens inne werden,
sophokle1v3soph_0013.png	118 1065 1917 1130	wie weit das dort Gebotene hinter berechtigten Anforderungen
sophokle1v3soph_0013.png	117 1135 1919 1198	zurückbleibe. Der rasch gefasste Plan war binnen Jahresfrist
sophokle1v3soph_0013.png	118 1205 1914 1271	ausgeführt, und das im Winter 1848 und Sommer 1849:
sophokle1v3soph_0013.png	116 1276 1917 1342	damals schätzte ich die Schwierigkeiten zu gering und stand
sophokle1v3soph_0013.png	117 1348 1946 1413	noch zu wenig auf eigenen Füssen: Manches, das der Er-
sophokle1v3soph_0013.png	116 1419 1916 1484	klärung bedurft hätte, war mit Stillschweigen übergangen,
sophokle1v3soph_0013.png	116 1490 2030 1556	manche schwierige Stelle zu leicht abgethan. Genug, es
sophokle1v3soph_0013.png	116 1562 1917 1626	währte nicht lange, so urtheilte ich selbst eben so streng
sophokle1v3soph_0013.png	115 1633 1918 1703	über den ersten Versuch, wie die öffentlichen Beurtheiler
sophokle1v3soph_0013.png	116 1703 1915 1772	milde und nachsichtig sich aussprachen. Sie haben den gu-
sophokle1v3soph_0013.png	117 1776 1914 1842	ten Willen, die Erklärung des Dichters in eine neue Bahn
sophokle1v3soph_0013.png	117 1849 1203 1913	zu bringen, für die That genommen.
sophokle1v3soph_0013.png	259 1918 1915 1971	Unter diesen Umständen konnte es mir nur im hohen
sophokle1v3soph_0013.png	118 1989 1915 2055	Grade erwünscht sein, so bald zu einer neuen Ausgabe des
sophokle1v3soph_0013.png	116 2061 1916 2126	Bändchens aufgefordert zu werden, welches zu den folgenden
sophokle1v3soph_0013.png	116 2133 1915 2185	in unverkennbarem Missverhältniss stand. Diesem Uebelstande
sophokle1v3soph_0013.png	117 2204 1915 2270	abzuhelfen habe ich mich eifrig bemüht. Doch hat die jetzt
sophokle1v3soph_0013.png	117 2276 1913 2340	vorgenommene Umarbeitung weit mehr den Aias als den schon
sophokle1v3soph_0013.png	116 2346 1946 2412	damals sorgfältiger behandelten Philoktetes getroffen. Die
sophokle1v3soph_0013.png	119 2418 1913 2485	grösste Zahl der Anmerkungen zu jenem hat Abänderungen
sophokle1v3soph_0013.png	119 2490 1914 2555	erfahren, die Einleitung ist durchaus neu ausgerarbeitet. In
sophokle1v3soph_0013.png	117 2561 1913 2625	dieser glaube ich nunmehr zu haltbaren Ansichten über das
sophokle1v3soph_0013.png	119 2632 1913 2700	sehr schwierige Drama und seine Composition und Tendenz
sophokle1v3soph_0013.png	118 2704 1912 2769	gelangt zu sein, während früher Welckers Einfluss mich ge-
sophokle1v3soph_0013.png	119 2775 1956 2845	bannt hielt. Zahl und Umfang der Anmerkungen hat sich
sophokle1v3soph_0013.png	121 2845 1957 2914	nun freilich vergrössert: indess hoffe ich doch keine unnützen
sophokle1v3soph_0013.png	121 2916 1908 2982	Worte gemacht zu haben. So kurz, wie ich früher glaubte,
sophokle1v3soph_0013.png	122 2988 1908 3056	darf sich die Erklärung des Sophokles überhaupt nicht fas-
sophokle1v3soph_0013.png	121 3059 1910 3125	sen, will sie einigermassen allen Seiten der Auslegung ge-
sophokle1v3soph_0013.png	122 3131 1909 3199	recht werden. Uebrigens sind jetzt auch die metrischen
sophokle1v3soph_0013.png	121 3202 1908 3269	Schemata der lyrischen Theile beigegeben, die ich vom zwei-
sophokle1v3soph_0013.png	122 3273 1907 3342	ten Bändchen an auf den Wunsch einsichtiger Schulmänner.
sophokle1v3soph_0095.png	856 200 1046 258	ΑΙΑΣ.
sophokle1v3soph_0095.png	78 333 1205 423	ἐγὼ γὰρ ἐξ οὗ χειρὶ τοῦτʼ ἐδεξάμην
sophokle1v3soph_0095.png	76 420 1260 504	παρʼ Ἕκτορος δώρημα δυςμενεστάτου,
sophokle1v3soph_0095.png	77 504 1266 588	οὔπω τι κεδνὸν ἔσχον Ἀργείων πάρα.
sophokle1v3soph_0095.png	78 588 1269 674	ἀλλʼ ἔστʼ ἀληθὴς ἡ βροτῶν παροιμία,
sophokle1v3soph_0095.png	76 675 1179 759	ἐχθρῶν ἄδωρα δῶρα κοὐκ ὀνήσιμα.
sophokle1v3soph_0095.png	74 760 1306 835	τοιγὰρ τὸ λοιπὸν εἰσόμεσθα μὲν θεοῖς
sophokle1v3soph_0095.png	76 844 1383 933	εἴκειν, μαθησόμεσθα δʼ Ἀτρείδας σέβειν.
sophokle1v3soph_0095.png	75 929 1293 1008	ἄρχοντές εἰσιν, ὥσθʼ ὑπεικτέον. τί μή;
sophokle1v3soph_0095.png	75 1017 1281 1091	καὶ γὰρ τὰ δεινὰ καὶ τὰ καρτερώτατα
sophokle1v3soph_0095.png	77 1101 1277 1177	τιμαῖς ὑπείκει· τοῦτο μὲν νιφοστιβεῖς
sophokle1v3soph_0095.png	73 1187 1234 1261	χειμῶνες ἐκχωροῦσιν εὐκάρπῳ θέρει·
sophokle1v3soph_0095.png	76 1270 1161 1346	ἐξίσταται δὲ νυκτὸς αἰανῆς κύκλος
sophokle1v3soph_0095.png	74 1355 1269 1439	τῇ λευκοπώλῳ φέγγος ἡμέρᾳ φλέγειν·
sophokle1v3soph_0095.png	39 1440 1211 1517	δεινῶν τʼ ἄημα πνευμάτων ἐκοίμισε
sophokle1v3soph_0095.png	133 1573 538 1628	661. Vgl. 817 ff.
sophokle1v3soph_0095.png	133 1626 933 1689	666. Schol. Ἐπιφθόνως ἔφρα-
sophokle1v3soph_0095.png	75 1688 935 1745	σεν, ἐν εἰρωνείᾳ ἀντιστρέψας τὴν
sophokle1v3soph_0095.png	73 1743 934 1802	λέξιν· ἔδει γὰρ εἰπεῖν θεοὺς μὲν
sophokle1v3soph_0095.png	75 1799 929 1859	σέβειν, εἴκειν δὲ Ἄτρείδαις,
sophokle1v3soph_0095.png	73 1859 936 1916	wie 668 ὑπεικτέον. Ironie liegt
sophokle1v3soph_0095.png	75 1916 933 1973	auch im Plural εἰσόμεσθα und μα-
sophokle1v3soph_0095.png	73 1973 934 2029	θησόμεσθα, wie in der Nennung
sophokle1v3soph_0095.png	72 2031 934 2083	beider Atriden statt des Agamem-
sophokle1v3soph_0095.png	73 2088 932 2139	non, da Menelaos unbefugt sich
sophokle1v3soph_0095.png	75 2145 927 2197	gern dem Bruder gleichstellte, vgl.
sophokle1v3soph_0095.png	75 2203 172 2244	842.
sophokle1v3soph_0095.png	131 2248 930 2301	668. Ironisch erinnert Aias an
sophokle1v3soph_0095.png	74 2316 932 2374	das sprichwörtlich gewordene Ge-
sophokle1v3soph_0095.png	70 2373 932 2430	bot des Solon ἀρχῶν ἄκουε καὶ
sophokle1v3soph_0095.png	72 2427 934 2487	δίκαια κἄδικα, vgl. Ant. 63. 666
sophokle1v3soph_0095.png	74 2485 932 2544	ὃν πόλις στήσειε, τοῦδε χρὴ κλύειν
sophokle1v3soph_0095.png	70 2543 931 2601	Καὶ σμικρὰ καὶ δίκαια καὶ τἀν-
sophokle1v3soph_0095.png	68 2600 246 2641	αντία.
sophokle1v3soph_0095.png	126 2657 930 2700	669 ff. Aias beweist die Noth-
sophokle1v3soph_0095.png	66 2715 930 2765	wendigkeit, sich den einmal mit der
sophokle1v3soph_0095.png	68 2773 927 2814	Herrscherehre bekleideten Atriden
sophokle1v3soph_0095.png	67 2829 927 2879	zu fügen, dadurch, dass alles Wilde
sophokle1v3soph_0095.png	69 2885 928 2935	dem Hellen und Glänzenden, alles
sophokle1v3soph_0095.png	69 2942 927 2994	Gewaltige und Furchtbare dem
sophokle1v3soph_0095.png	68 2999 921 3052	Schönen und Gebietenden sich füge,
sophokle1v3soph_0095.png	67 3056 930 3098	der wüste Winter dem fruchtrei-
sophokle1v3soph_0095.png	66 3113 930 3160	chen Sommer, die unheimliche Nacht
sophokle1v3soph_0095.png	68 3171 927 3228	dem lichten Tage, die rauben Stürme
sophokle1v3soph_0095.png	68 3228 925 3285	der Meeresstille. Daher καὶ γὰρ
sophokle1v3soph_0095.png	67 3283 929 3405	(= καὶ γὰρ καὶ) τὰ δεινά, Win-
sophokle1v3soph_0095.png	1800 208 1862 259	81
sophokle1v3soph_0095.png	1007 1571 1865 1625	ter, Nacht, Sturm. Vgl. O. C.
sophokle1v3soph_0095.png	1008 1630 1145 1674	609 ff.
sophokle1v3soph_0095.png	1065 1683 1870 1746	670. τιμαῖς, ἀρχαῖς, τοῖς τι-
sophokle1v3soph_0095.png	1006 1745 1871 1802	μῆς ἠξιωμένοις. - νιφοστι-
sophokle1v3soph_0095.png	992 1802 1869 1860	βεῖς, über Schneemassen
sophokle1v3soph_0095.png	993 1860 1541 1916	dahin fahrend.
sophokle1v3soph_0095.png	1065 1915 1869 1964	672. νυκτὸς κύκλος, das
sophokle1v3soph_0095.png	1008 1972 1869 2031	Gewölbe der Nacht, der näch-
sophokle1v3soph_0095.png	1005 2031 1865 2088	tige Himmel; αίανῆς, σκοτεινῆς,
sophokle1v3soph_0095.png	1006 2086 1864 2145	gegenüber der λευκόπωλος (Aesch.
sophokle1v3soph_0095.png	1006 2144 1835 2200	Pers. 378) ἡμέρα. Vgl. El. 19.
sophokle1v3soph_0095.png	1064 2199 1870 2254	674 f. Das Wehen heftiger
sophokle1v3soph_0095.png	1008 2259 1867 2313	Stürme beruhigt auch wie-
sophokle1v3soph_0095.png	1007 2313 1862 2364	der das seufzende Meer,
sophokle1v3soph_0095.png	1005 2372 1863 2424	indem es sanfteren Lüften (vergl.
sophokle1v3soph_0095.png	1008 2429 1868 2485	Odyss. 5, 383. Virg. Aen. 5, 763.)
sophokle1v3soph_0095.png	1006 2486 1863 2529	oder der Windstille Platz macht.
sophokle1v3soph_0095.png	1007 2543 1867 2595	Gottheiten und göttlich gedachte
sophokle1v3soph_0095.png	1894 693 1971 736	665
sophokle1v3soph_0095.png	1897 1121 1974 1162	670
sophokle1v3soph_0095.png	1002 2600 2001 2642	Kräfte schalten unumschränkt auf
sophokle1v3soph_0095.png	1005 2657 1866 2709	dem Felde ihrer Thätigkeit, wie
sophokle1v3soph_0095.png	1004 2714 1868 2771	Apollon und Artemis z. B. nicht
sophokle1v3soph_0095.png	1001 2771 1867 2819	bloss schützen, sondern auch stra-
sophokle1v3soph_0095.png	1003 2827 1868 2884	fen, Hypnos 675 packt und los-
sophokle1v3soph_0095.png	1000 2884 1884 2941	lässt, zu O. C. 868. So hat Aeo-
sophokle1v3soph_0095.png	999 2941 1864 3000	los Odyss. 10, 21 als ταμίης ἀνέ-
sophokle1v3soph_0095.png	999 2998 1865 3058	μων die Macht, ἠμὲν παυσέμεναι
sophokle1v3soph_0095.png	1002 3055 1862 3114	ἠδʼ ὀρνύμεν ὅν κʼ ἐθέλῃσιν, wie
sophokle1v3soph_0095.png	996 3112 1865 3168	jeder besondere Wind in seiner
sophokle1v3soph_0095.png	1004 3168 1861 3226	Sphäre, z. B. Hor. 1, 3, 15 Nolo
sophokle1v3soph_0095.png	1001 3226 1862 3279	non arbiter Hadriae maior, tol-
sophokle1v3soph_0095.png	1003 3282 1863 3339	lere seu ponere volt freta. So-
sophokle1v3soph_0007.png	515 1204 1415 1382	MORIZ HAUPT
sophokle1v3soph_0007.png	342 1516 1578 1616	HERMANN SAUPPE
sophokle1v3soph_0007.png	433 1749 1487 1875	CARL SINTENIS
sophokle1v3soph_0115.png	862 249 1080 294	ΑΙΑΣ.
sophokle1v3soph_0115.png	65 369 1337 459	αὑτῷ δὲ τερπνός. ὦν γὰρ ἠράσθη τυχεῖν
sophokle1v3soph_0115.png	64 457 1305 543	ἐκτήσαθʼ αὑτῷ, θάνατον, ὅνπερ ἤθελεν.
sophokle1v3soph_0115.png	61 542 1250 632	τί δῆτα τοῦδ’ ἐπεγγελῷεν ἂν κάτα;
sophokle1v3soph_0115.png	59 626 1281 704	θεοῖς τέθνηκεν οὗτος, οὐ κείνοισιν, οὔ.
sophokle1v3soph_0115.png	60 712 1360 802	πρὸς ταῦτʼ Ὀδυσσεὺς ἐν κενοῖς ὑβριζέτω.
sophokle1v3soph_0115.png	6 798 1341 886	Αἴας γὰρ αὐτοῖς οὐκέτʼ ἐστίν· ἀλλʼ ἐμοὶ
sophokle1v3soph_0115.png	59 884 1093 959	λιπὼν ἀνίας καὶ γόους διοίχεται.
sophokle1v3soph_0115.png	59 1052 413 1126	̓ἰώ μοί μοι.
sophokle1v3soph_0115.png	748 976 1135 1031	ΤΕΥΚΡΟΣ.
sophokle1v3soph_0115.png	804 1157 1081 1224	ΧΟΡΟΣ.
sophokle1v3soph_0115.png	56 1221 1341 1306	σίγησον. αὐδὴν γὰρ δοκῶ Τεύκρου κλύειν
sophokle1v3soph_0115.png	57 1305 1245 1384	βοῶντος ἄτης τῆςδ’ ἐπίσκοπον μέλος.
sophokle1v3soph_0115.png	639 1412 1190 1481	ΤΕΥΚΡΟΣ.
sophokle1v3soph_0115.png	55 1476 1312 1564	ὦ φίλτατʼ Αἴας, ὦ ξύναιμον ὄμμʼ ἐμοί,
sophokle1v3soph_0115.png	59 1562 1353 1649	ἆρʼ ἠμπόληκά σʼ, ὥσπερ ἡ φάτις κρατεῖ;
sophokle1v3soph_0115.png	55 1724 906 1773	mer, seinen Feinden Freude,
sophokle1v3soph_0115.png	57 1781 913 1831	aber (und darauf kommt es allein
sophokle1v3soph_0115.png	60 1839 914 1894	an, das ist die Hauptsache) für
sophokle1v3soph_0115.png	61 1896 907 1944	ihn selbst ist er eine Lust,
sophokle1v3soph_0115.png	59 1952 916 1996	insofern er seinen Wunsch erreicht
sophokle1v3soph_0115.png	59 2012 146 2052	hat.
sophokle1v3soph_0115.png	118 2063 910 2124	967. ἠράσθη, vgl. 686. Ant.
sophokle1v3soph_0115.png	62 2127 188 2168	1336.
sophokle1v3soph_0115.png	118 2177 912 2234	968. θάν., ὅνπερ ἤθέλεν,
sophokle1v3soph_0115.png	58 2234 910 2296	vgl. 1114. zu Ant. 468. O. C. 1703.
sophokle1v3soph_0115.png	119 2295 917 2351	969. ἐγγελᾶν κατά τινος
sophokle1v3soph_0115.png	58 2352 911 2411	O. C. 1339. El. 836. Vgl. Phil. 328.
sophokle1v3soph_0115.png	119 2408 908 2466	970. θεοῖς, θεῶν βουλομένων.
sophokle1v3soph_0115.png	55 2467 913 2518	Den Göttern (vgl. 635. 1128)
sophokle1v3soph_0115.png	59 2525 914 2576	ist er gestorben, insofern er
sophokle1v3soph_0115.png	59 2581 913 2634	ihnen seine Ueberhebung büssen
sophokle1v3soph_0115.png	59 2639 907 2687	musste; nicht den Feinden,
sophokle1v3soph_0115.png	59 2697 915 2749	deren Unrecht ihn nicht dahin ge-
sophokle1v3soph_0115.png	56 2754 915 2812	trieben hatte. Athene hatte ihn ja
sophokle1v3soph_0115.png	53 2811 914 2868	zu entehrender That verleitet, in
sophokle1v3soph_0115.png	59 2868 913 2926	Folge welcher er sich tödtete. οὐ
sophokle1v3soph_0115.png	1737 241 1826 291	101
sophokle1v3soph_0115.png	990 1723 1839 1779	und Reden von 879 – 924 ein Sy-
sophokle1v3soph_0115.png	989 1779 1839 1833	stem bilden, dessen Gliederung in
sophokle1v3soph_0115.png	991 1838 1840 1890	Gesang und Rede sich ganz gleich
sophokle1v3soph_0115.png	987 1897 1841 1942	wiederholt von 925 – 970, so hat
sophokle1v3soph_0115.png	991 1953 1839 2001	Schöll die drei letzten Verse, welche
sophokle1v3soph_0115.png	989 2011 1841 2064	über die genaue Responsion hinaus-
sophokle1v3soph_0115.png	978 2067 1838 2120	gehen, für unächt erklärt, Andere
sophokle1v3soph_0115.png	990 2125 1834 2176	haben 969 und 972. 73 verdächtigt.
sophokle1v3soph_0115.png	989 2182 1839 2224	Allein an sich hat das wiederholte
sophokle1v3soph_0115.png	988 2239 1840 2281	Wenden und Drehen derselben Ge-
sophokle1v3soph_0115.png	991 2295 1837 2347	danken bei so grossen Schmerze
sophokle1v3soph_0115.png	53 2925 529 2980	– οὔ, O. C. 587.
sophokle1v3soph_0115.png	63 3036 907 3094	O. R. 287 ἐν ἀργοῖς. Vgl. 954 ff.
sophokle1v3soph_0115.png	1863 1240 1938 1281	975
sophokle1v3soph_0115.png	990 2353 1920 2405	nichts Auffallendes und stregze Re-
sophokle1v3soph_0115.png	986 2409 1841 2466	sponsion in den Iamben ist nicht
sophokle1v3soph_0115.png	987 2467 1839 2510	erforderlich. V. 969 steht der weib-
sophokle1v3soph_0115.png	985 2525 1837 2580	lichen Sophistik wohl an; 972. 73
sophokle1v3soph_0115.png	986 2583 1844 2636	sind gerade hier von ergreifender
sophokle1v3soph_0115.png	986 2639 1831 2692	Wirkung: „ Ihm selbst ist wohl,
sophokle1v3soph_0115.png	987 2697 1838 2739	die Fürsten werden ihn schon ver-
sophokle1v3soph_0115.png	986 2753 1839 2803	missen, sie, die sich seinen Tod
sophokle1v3soph_0115.png	987 2811 1839 2857	nicht zuschreihen dürfen; mir aber
sophokle1v3soph_0115.png	987 2867 1838 2926	hat er schweren Kummer hinter-
sophokle1v3soph_0115.png	985 2924 1837 2983	lassen.“ Vgl. Trach. 41 πλὴν ἐμοὶ
sophokle1v3soph_0115.png	119 2980 912 3039	971. ἐν κενοῖς ματαίως, wie
sophokle1v3soph_0115.png	1867 644 1942 686	970
sophokle1v3soph_0115.png	55 3152 1834 3211	Sinn, sich zu brüsten und des über- 976. ἐπίσκοπον, ἐστοχασμέ-
sophokle1v3soph_0115.png	60 3208 1833 3268	wundenen Gegners zu spotten, jetzt, νον, συνῳδόν, wie ἐπίσκοπος το-
sophokle1v3soph_0115.png	59 3267 1827 3326	da er ihnen dahin ist, ist Odysseusʼ ξότης = ὁ τυγχάνων τοῦ σκοποῦ.
sophokle1v3soph_0115.png	58 3324 1832 3383	ὕβρις eitel. – Da die Chorverse 978. ἆρ’ ἠμπόληκά σε, habe
sophokle1v3soph_0009.png	130 659 1921 763	AUS DEM VORWORT ZUR ERSTEN AUFLAGE.
sophokle1v3soph_0009.png	279 965 1927 1046	Der Text dieser Ausgabe ist dem Dindorfschen ähnlicher
sophokle1v3soph_0009.png	131 1053 1923 1117	als dem Hermannschen. Mir lag daran, bei aller gebühren-
sophokle1v3soph_0009.png	133 1123 1923 1190	den Achtung vor dem urkundlich Ueberlieferten einen mög-
sophokle1v3soph_0009.png	129 1193 1924 1258	lichst wenig Anstoss gebenden, in der Regel verständlichen
sophokle1v3soph_0009.png	129 1264 1925 1325	Text zu liefern. Daher hat manche Emendation, an deren
sophokle1v3soph_0009.png	127 1336 1923 1400	unumstösslicher Richtigkeit sich zweifeln liesse, ohne Beden-
sophokle1v3soph_0009.png	130 1406 1923 1473	ken Aufnahme gefunden. Hoffentlich wird die Ueberzeugung,
sophokle1v3soph_0009.png	130 1478 1925 1544	die bei mir von Tage zu Tage mehr sich befestigt, bald im-
sophokle1v3soph_0009.png	129 1551 1925 1616	mer allgemeiner sich Geltung verschaffen dass die Erklärungs-
sophokle1v3soph_0009.png	129 1622 1925 1687	künste, mit denen man bisher viele schwierige Stellen des
sophokle1v3soph_0009.png	128 1695 1926 1759	Dichters heimgesucht hat. an Sünden alter Abschreiber ver-
sophokle1v3soph_0009.png	129 1766 1927 1835	schwendet waren. Der Text auch des Sophokles ist viel
sophokle1v3soph_0009.png	129 1835 1926 1903	mehr, als man wohl glauben mag, aber oft nicht grob ge-
sophokle1v3soph_0009.png	129 1909 1927 1960	fälscht. Manche verstecktere Schäden wird die tiefer drin-
sophokle1v3soph_0009.png	129 1981 1925 2046	gende, für keinerlei Gesichtspunkte stumpfe Exegese, wie sie
sophokle1v3soph_0009.png	130 2051 1927 2118	des Sophokles würdig ist, aus Licht stellen und damit die
sophokle1v3soph_0009.png	128 2124 1926 2188	Berechtigung divinatorischer Kritik erweitern. Aber nur Hand
sophokle1v3soph_0009.png	130 2195 1926 2259	in Hand mit der gewissenhaftesten Hermeneutik kann der
sophokle1v3soph_0009.png	130 2264 1927 2331	Kritiker im Sophokles auf Erfolg rechnen: sonst wird er nur
sophokle1v3soph_0009.png	130 2337 1926 2403	die Unzahl oberflächlicher Einfälle vermehren. Ueberhaupt
sophokle1v3soph_0009.png	130 2409 1924 2474	aber wird grössere Sicherheit der Sophokleischen Kritik erst
sophokle1v3soph_0009.png	130 2481 1925 2544	gewonnen werden und das von den bedeutendsten Kritikern
sophokle1v3soph_0009.png	128 2552 1924 2616	befolgte eklektische Verfahren in seiner Haltlosigkeit hervor-
sophokle1v3soph_0009.png	133 2624 2041 2688	treten, sobald man die wirklich ächten Grundlagen unsers
sophokle1v3soph_0009.png	131 2696 1941 2764	Textes und dessen Schicksale erforscht haben wird. Eine
sophokle1v3soph_0009.png	130 2767 1923 2827	lohnende, aber sehr schwere und nach den vorhandenen Col-
sophokle1v3soph_0009.png	130 2839 1923 2903	lationen nicht wohl lösbare Aufgabe. So einfach steht die
sophokle1v3soph_0009.png	132 2910 1926 2968	Sache nicht, wie Cobet meint, dem der Laur. A als Stammvater
sophokle1v3soph_0009.png	130 2981 1920 3046	aller übrigen Handschriften des Aeschylos und Sophokles gilt.
sophokle1v3soph_0009.png	130 3052 1921 3118	Das kann weder für diesen noch für jenen zugegeben werden.
sophokle1v3soph_0009.png	272 3124 1924 3189	Kritische Bemerkungen gänzlich auszuschliessen, gebot
sophokle1v3soph_0009.png	132 3195 1920 3259	der Plan der Sammlung bei dem schwierigsten Dichter nicht.
sophokle1v3soph_0009.png	135 3267 1920 3332	Ob ich darin das Rechte getroffen, darüber werden die Stim-
sophokle1v3soph_0009.png	133 3339 1923 3406	men getheilt sein. Ein Zuviel wird man mir nicht vorwer–
sophokle1v3soph_0047.png	600 852 1336 923	ΑΙΑΣ.
sophokle1v3soph_0047.png	829 1225 1109 1270	ΑΘΗΝΑ.
sophokle1v3soph_0047.png	70 1297 1282 1390	Ἀεὶ μὲν, ὧ παῖ Λαρτίου, δέδορκά σε
sophokle1v3soph_0047.png	69 1399 1358 1476	πεῖράν τιν’ ἐχθρῶν ἁρπάσαι θηρώμενον·
sophokle1v3soph_0047.png	65 1486 1256 1562	καὶ νῦν ἐπὶ σκηναῖς σε ναυτικαῖς ὁρῶ
sophokle1v3soph_0047.png	69 1571 1214 1657	Αἴαντος, ἔνθα τάξιν ἐσχάτην ἔχει,
sophokle1v3soph_0047.png	68 1657 1237 1733	πάλαι κυνηγετοῦντα καὶ μετρούμενον
sophokle1v3soph_0047.png	65 1740 1315 1831	ἴχνη τὰ κείνου νεοχάραχθ’, ὅπως ἴδῃς,
sophokle1v3soph_0047.png	69 1825 1404 1903	εἴτ’ ἔνδον εἴτ’ οὐκ ἔνδον. εὖ δέ σ’ ἐκφέρει
sophokle1v3soph_0047.png	128 1989 931 2034	1. 2. Immer sehe ich dich
sophokle1v3soph_0047.png	68 2046 931 2101	danach jagen, irgend einen
sophokle1v3soph_0047.png	37 2103 930 2157	listigen Anschlag gegen
sophokle1v3soph_0047.png	66 2161 930 2212	Feinde (18) zu erraffen, rasch
sophokle1v3soph_0047.png	70 2217 933 2274	auszuführen. Odysseus wird mit
sophokle1v3soph_0047.png	69 2274 930 2328	einem Jäger (37) verglichen, wel-
sophokle1v3soph_0047.png	71 2331 930 2380	cher der Fährte des Wildes, dem
sophokle1v3soph_0047.png	69 2390 926 2443	er beizukommen sucht, nachspürt.
sophokle1v3soph_0047.png	67 2446 931 2489	Dieser Charakter des Helden war
sophokle1v3soph_0047.png	68 2503 930 2558	durch das Homerische Epos ausge-
sophokle1v3soph_0047.png	65 2561 931 2619	prägt: so überfällt er mit Diome-
sophokle1v3soph_0047.png	34 2617 922 2665	des Nachts den Rhesos Il. 10,
sophokle1v3soph_0047.png	66 2675 929 2726	schleicht sich verkleidet als Kund-
sophokle1v3soph_0047.png	66 2732 925 2789	schafter nach Troja Odyss. 4, 240 ff.
sophokle1v3soph_0047.png	64 2790 929 2834	und entführt mit Diomedes das Pal-
sophokle1v3soph_0047.png	63 2848 929 2899	ladion, fängt den Helenos im Hin-
sophokle1v3soph_0047.png	66 2906 396 2962	terhalte u. ä.
sophokle1v3soph_0047.png	124 2961 929 3013	3. καὶ νῦν wendet das Allge-
sophokle1v3soph_0047.png	63 3019 922 3076	meine auf den speciellen Fall an.
sophokle1v3soph_0047.png	64 3075 929 3133	im Sinne von ὥσπερ ἀεί, οὒτω καὶ
sophokle1v3soph_0047.png	62 3132 925 3190	νῦν oder πάρος τε ἀεὶ καὶ νῦν,
sophokle1v3soph_0047.png	63 3188 923 3250	Homer. Il. 1, 107 αἰεί τοι τὰ κάκ’
sophokle1v3soph_0047.png	63 3245 929 3308	ἐστι φίλα φρεσὶ μαντεύεσθαι, Καὶ
sophokle1v3soph_0047.png	61 3303 927 3360	νῦν ἐν Δαναοῖσι θεοπροπέων ἀ-
sophokle1v3soph_0047.png	126 3381 553 3430	Sophokles I. 2. Aufl.
sophokle1v3soph_0047.png	1315 1985 1871 2047	Wie dem ἀεὶ μέν
sophokle1v3soph_0047.png	1004 1984 1315 2047	γορεύεις. ...
sophokle1v3soph_0047.png	1005 2046 1864 2104	hier καὶ νῦν entspricht, so Aesch.
sophokle1v3soph_0047.png	1005 2102 1871 2162	Agam. 570 ἀνωλόλυξα μὲν πά-
sophokle1v3soph_0047.png	1004 2158 1212 2201	λαι ... ..
sophokle1v3soph_0047.png	1211 2159 1870 2218	καὶ νῦν τί δεῖ λέ-
sophokle1v3soph_0047.png	1003 2217 1869 2276	γειν; Lucian Dial. Mar. 8, 1 πά-
sophokle1v3soph_0047.png	1002 2274 1870 2333	λαι μὲν τὸ τῆς Ἰνοῦς παιδίον
sophokle1v3soph_0047.png	1004 2326 1869 2390	ἐπὶ τὸν Ἰσθμὸν ἐκομίσατε, καὶ
sophokle1v3soph_0047.png	1003 2387 1869 2446	νῦν σὺ τὸν κιθαρῳδὸν ἀναλαβών
sophokle1v3soph_0047.png	1004 2442 1546 2502	ἐξενήξω ἐς Ταίναρον.
sophokle1v3soph_0047.png	1060 2531 1868 2587	4. Odysseus’ Zelt nahm die Mitte
sophokle1v3soph_0047.png	1004 2588 1869 2641	des Schiffslagers zwischen den Vor-
sophokle1v3soph_0047.png	1004 2646 1861 2703	gebirgen Sigeion und Rhoiteion ein,
sophokle1v3soph_0047.png	1001 2703 1868 2761	während Aias und Achilleus ἔσχα-
sophokle1v3soph_0047.png	1002 2760 1863 2818	τα νῆας ἐΐσας Εἴρυσαν, ήνορέῃ
sophokle1v3soph_0047.png	1001 2816 1928 2875	πίσυνοικαὶ κάρτεἴχειρῶν ΙI. 11, 8.
sophokle1v3soph_0047.png	1062 2899 1865 2958	7. ἐκφέρει, führt zum Ziel
sophokle1v3soph_0047.png	1001 2960 1860 3016	hinaus, vgl. Phil. 199. O. C. 98.
sophokle1v3soph_0047.png	1005 3017 1866 3073	1424. Hier wird Odysseus als gu-
sophokle1v3soph_0047.png	1001 3074 1866 3129	ter Jäger mit einem Spürhunde ver-
sophokle1v3soph_0047.png	1003 3131 1876 3182	glichen, welches Bild durch die aus
sophokle1v3soph_0047.png	1003 3189 1865 3244	der Jägersprache entlehnten Aus-
sophokle1v3soph_0047.png	1002 3246 1875 3290	drücke in den ersten Versen vor-
sophokle1v3soph_0047.png	1000 3303 1281 3347	bereitet ist.
sophokle1v3soph_0010.png	907 209 1197 252	VORWORT
sophokle1v3soph_0010.png	164 338 1946 404	fen: wem ich nicht genug des für den Jüngling Bildungsstoff
sophokle1v3soph_0010.png	163 409 1932 473	enthaltenden kritischen Materials zu geben scheine, der wird
sophokle1v3soph_0010.png	161 480 1937 544	bei der mündlichen Erklärung den Umständen nach aus seinen
sophokle1v3soph_0010.png	162 550 1936 614	Hülfsmitteln befähigtern Schülern leicht ein Mehreres vor-
sophokle1v3soph_0010.png	162 622 1938 687	legen können. Andere Leser mögen andere Ausgaben zu Rathe
sophokle1v3soph_0010.png	162 692 1937 756	ziehen. Die von mir zuerst eingeführten Lesarten habe ich
sophokle1v3soph_0010.png	163 763 1175 828	nirgend ohne Bemerkung gelassen.
sophokle1v3soph_0010.png	302 833 1937 898	Die Hauptsache, ja ich darf sagen, mir eine Herzens-
sophokle1v3soph_0010.png	160 903 1936 967	sache, war eine gesunde Erklärung des Dichters. Den fleis-
sophokle1v3soph_0010.png	163 973 1939 1040	sigen Gebrauch des Lexikons und der Grammatik setzt mein
sophokle1v3soph_0010.png	163 1044 1937 1109	Commentar voraus. Lexikalische Bemerkungen waren um so
sophokle1v3soph_0010.png	160 1115 1939 1181	weniger nöthig, je fleissiger die neuern Lexikographen das
sophokle1v3soph_0010.png	161 1185 1941 1252	unvergleichliche Lexikon Sophocleum sich zu Nutze gemacht
sophokle1v3soph_0010.png	160 1256 1942 1325	haben. Fand ich indess, dass die gangbarern Handwörter-
sophokle1v3soph_0010.png	160 1325 1940 1391	bücher den Befragenden irreleiten möchten, so habe ich der
sophokle1v3soph_0010.png	159 1398 1940 1464	Fortpflanzung des Falschen vorzubeugen gesucht: wo sie im
sophokle1v3soph_0010.png	158 1469 1939 1533	Stiche liessen, habe ich nachgeholfen. Uebrigen bin ich
sophokle1v3soph_0010.png	131 1540 1937 1605	mit Strenge darauf ausgegangen auch nicht eine einzige An-
sophokle1v3soph_0010.png	160 1611 1938 1675	merkung zu machen, welche den Zweck, das Verständniss
sophokle1v3soph_0010.png	161 1681 1937 1744	des Dichters zu erleichtern, aus den Augen verlöre. Durch
sophokle1v3soph_0010.png	160 1752 1939 1818	keinerlei lediglich ein philologisches Zunftinteresse berührende
sophokle1v3soph_0010.png	159 1823 1941 1889	Noten wollte ich jüngere Leser, die in den Dichter eingeweiht
sophokle1v3soph_0010.png	161 1895 1940 1959	werden wollen, vom aufmerksamen Lesen der Anmerkungen
sophokle1v3soph_0010.png	162 1965 1939 2030	abschrecken. Daher sollte jede, an sich noch so nützliche
sophokle1v3soph_0010.png	160 2035 1938 2099	Bemerkung, welche nicht den das Verständniss des Dichters
sophokle1v3soph_0010.png	162 2106 1939 2176	suchenden Leser förderte, durchaus verbannt sein. Natürlich
sophokle1v3soph_0010.png	160 2176 1940 2242	konnte und sollte hier keine vollständige Erklärung gegeben
sophokle1v3soph_0010.png	160 2247 1936 2309	werden; nur eine den Sinn für das Wesentliche schärfende,
sophokle1v3soph_0010.png	161 2318 1937 2382	das feinere  sprachliche und künstlerische Verständniss andeu-
sophokle1v3soph_0010.png	160 2388 1937 2456	tende, dem eigenen Nachdenken den Weg weisende Beihülfe
sophokle1v3soph_0010.png	161 2459 1936 2525	wollte ich geben. Dabei habe ich ausser den jüngern Lesern
sophokle1v3soph_0010.png	160 2530 1936 2593	des Dichters Freunde der Alten im Auge gehabt, welche sich
sophokle1v3soph_0010.png	161 2601 1934 2651	am Genuss alter Meisterwerke erholen und erfrischen wollen.
sophokle1v3soph_0010.png	161 2672 1936 2734	Es ist Mitschuld der Philologen, dass diese ehrenwerthe
sophokle1v3soph_0010.png	161 2742 1935 2805	Klasse von Lesern der Alten täglich mehr zusammenschmilzt.
sophokle1v3soph_0010.png	162 2813 1938 2879	Ziehen vir auf Gymnasien und Universitäten nicht wieder
sophokle1v3soph_0010.png	161 2884 1936 2948	Humanisten heran, so graben wir der klassischen Litteratur
sophokle1v3soph_0010.png	164 2955 925 3006	die Wurzeln im Volke ab.
sophokle1v3soph_0010.png	303 3025 1933 3087	Nun wird man finden, dass ich oft etwas zu bemerken
sophokle1v3soph_0010.png	162 3096 1933 3160	fand, wo gangbare ähnliche Ausgaben schweigen, und umge-
sophokle1v3soph_0010.png	161 3167 1975 3235	kehrt. Ein wesentlicher Theil der Erklärung eines Dichters
sophokle1v3soph_0010.png	162 3237 1932 3306	wie Sophokles für Leser jeder Bildungsstufe ist die Hinwei-
sophokle1v3soph_0073.png	885 192 1077 259	ΑΙΑΣ.
sophokle1v3soph_0073.png	737 354 1214 425	ΤΕΚΜΗΣΣΑ.
sophokle1v3soph_0073.png	87 421 1347 496	ἰδοὺ, διοίγω· προςβλέπειν δ’ ἔξεστί σοι
sophokle1v3soph_0073.png	82 505 1317 592	τὰ τοῦδε πράγη, καὐτὸς ὡς ἔχων κυρεῖ.
sophokle1v3soph_0073.png	866 609 1075 654	ΑΙΑΣ.
sophokle1v3soph_0073.png	779 692 1129 764	Στροφὴ ά.
sophokle1v3soph_0073.png	86 760 1287 839	ἰὼ φίλοι ναυβάται, μόνοι ἐμῶν φίλων,
sophokle1v3soph_0073.png	81 845 1204 933	μόνοι ἔτ’ ἐμμένοντες ὀρθῷ νόμῳ,
sophokle1v3soph_0073.png	82 930 1498 1016	ἴδεσθέ μ’ οἷον ἄρτι κῦμα φοινίας ὑπὸ ζάλης
sophokle1v3soph_0073.png	84 1016 776 1093	ἀμφίδρομον κυκλεῖται.
sophokle1v3soph_0073.png	723 1121 1145 1189	ΧΟΡΟΣ.
sophokle1v3soph_0073.png	84 1184 1263 1271	οἴμ’, ὡς ἔοικας ὀρθὰ μαρτυρεῖν ἄγαν.
sophokle1v3soph_0073.png	84 1270 1405 1348	δηλοῖ δὲ τοὖργον ὡς ἀφροντίστως ἔχει.
sophokle1v3soph_0073.png	869 1374 1075 1426	ΑΙΑΣ.
sophokle1v3soph_0073.png	733 1454 1203 1517	Ἀντιστροφὴ ά.
sophokle1v3soph_0073.png	84 1525 1041 1614	ἰὼ γένος ναΐας ἀρωγὸν τέχνας,
sophokle1v3soph_0073.png	82 1613 1134 1686	ἅλιον ὃς ἐπέβας ἑλίσσων πλάταν,
sophokle1v3soph_0073.png	1788 203 1856 255	69
sophokle1v3soph_0073.png	81 1743 1865 1803	wird schon mein Anblick den einem aus ihrer Sphäre hergenom-
sophokle1v3soph_0073.png	80 1801 1860 1857	Aias vermögen, sein schmerzliches menen Bilde (vgl. zu 206. 251. 257) :
sophokle1v3soph_0073.png	79 1860 671 1905	Jammern zu bemeistern.
sophokle1v3soph_0073.png	1889 778 1966 820	348
sophokle1v3soph_0073.png	1890 862 1968 904	350
sophokle1v3soph_0073.png	1891 1289 1990 1330	355
sophokle1v3soph_0073.png	1004 1858 1975 1920	von dem Wahnsinnssturme, der ihn
sophokle1v3soph_0073.png	138 1916 1865 1970	348 – 427. „Ihr, getreue zum M¨orden brachte, ist ein rings
sophokle1v3soph_0073.png	82 1974 1866 2028	Schiffsmannen, könnt al- um ihn sich thürmendes Wogenge-
sophokle1v3soph_0073.png	79 2031 1863 2085	lein mir helfen: erwürget dränge (zu Ant. 337) erregt, so
sophokle1v3soph_0073.png	82 2087 1863 2148	auch mich, der ich über dass kein Weg, dem Unheil zu
sophokle1v3soph_0073.png	80 2144 1860 2204	wehrlose Thiere herfiel, entkommen, ihm bleibt; φοινία,
sophokle1v3soph_0073.png	81 2202 1857 2260	statt meine Feinde zu töd- welches eigentlich zu κῦμα gehört,
sophokle1v3soph_0073.png	79 2260 1864 2312	ten. Möchte ich an ihnen, deutet auf die vergossenen Ströme
sophokle1v3soph_0073.png	81 2317 1859 2374	die jetzt schadenfroh hohn- Blutes, in deren Mitte er dasitzt:
sophokle1v3soph_0073.png	77 2372 1866 2433	Iachen, mich rächen und ἴδεσθέ μ’ οἱον – κυκλεῖται
sophokle1v3soph_0073.png	80 2429 1865 2490	dann selbst sterben! Denn = ἴδεσθε οἱόν με κῦμα ἀμφικυκ-
sophokle1v3soph_0073.png	78 2487 1860 2550	nur der Tod kann mir from- λεῖται, wie oft ähnlich ἴδεσθέ με,
sophokle1v3soph_0073.png	76 2543 1864 2605	men.“ Nachdem Aias mit Fassung z. B. Aesch. Prom. 92 ἴδεσθέ μ’ οἷα
sophokle1v3soph_0073.png	78 2602 1620 2661	dieser Nothwendigkeit sich fügt, πρὸς θεῶν πάσχω θεός.
sophokle1v3soph_0073.png	75 2660 1863 2718	überblickt er in der vierten Stro- 354 f. Der Chor spricht leise zu
sophokle1v3soph_0073.png	74 2710 1859 2777	phe nochmals die zwingenden Mo- Tekmessa. – ἀφροντίστως,
sophokle1v3soph_0073.png	75 2776 1266 2833	tive zu diesem Schritt und ruft die ἀμηχάνως.
sophokle1v3soph_0073.png	76 2826 1862 2889	Unterwelt an, ihn aufzunehmen. 356. γένος ναΐας ἀρ. τέχ-
sophokle1v3soph_0073.png	76 2888 1908 2943	Dann nimmt er beruhigter in ge- νας, κώπης ἄνακτες, rerum nau-
sophokle1v3soph_0073.png	77 2945 1752 3001	fühlvollen Worten Abschied von ticarum administri, vgl. 201.
sophokle1v3soph_0073.png	79 3000 1859 3061	der troischen Landschaft, zu der 357. ἐπέβας, absolut, nämlich
sophokle1v3soph_0073.png	78 3058 1855 3115	er durch das jahrelange Verweilen τῶν νεῶν; ἑλίσσων πλάταν,
sophokle1v3soph_0073.png	75 3117 1858 3171	in ein inniges Verhältniss getre- das Ruder schwingend, woran als
sophokle1v3soph_0073.png	1003 3174 1857 3231	weiteres Prädikat mittelst des Verbi
sophokle1v3soph_0073.png	76 3178 247 3221	ten ist.
sophokle1v3soph_0073.png	134 3229 1857 3290	351. Den Seeleuten bezeichnet sich ἅλιον, durch ’s Meer, an-
sophokle1v3soph_0073.png	80 3288 1857 3344	Aias seinen jetzigen Zustand mit, schliesst, vgl. zu O. C. 716; ὅς
sophokle1v3soph_0074.png	255 181 386 254	60
sophokle1v3soph_0074.png	932 216 1385 262	ΣΟΦΟΚΛΕΟΥΣ
sophokle1v3soph_0074.png	175 335 1888 421	360 σέ τοι, σέ τοι μόνον δέδορκα πημονὰν ἐπαρκέσοντ’.
sophokle1v3soph_0074.png	262 421 854 492	ἀλλά με συνδάϊξον.
sophokle1v3soph_0074.png	793 528 1363 595	ΤΕΚΜΣΣΑ.
sophokle1v3soph_0074.png	264 586 1429 677	εὔφημα φώνει. μὴ κακὸν κακῷ διδοῦς
sophokle1v3soph_0074.png	259 674 1425 754	ἄκος, πλέον τὸ πῆμα τῆς ἄτης τίθει.
sophokle1v3soph_0074.png	1037 767 1279 824	ΑΙΑΣ
sophokle1v3soph_0074.png	978 861 1306 932	χτροφὴ β’.
sophokle1v3soph_0074.png	261 926 1277 1013	ὁρᾷς τὸν θρασὺν, τὸν εὐκάρδιον,
sophokle1v3soph_0074.png	170 1013 1334 1103	365 τὸν ἐν δαΐοις ἄτρεστον μάχαις.
sophokle1v3soph_0074.png	258 1097 1355 1188	ἐν ἀφόβοις με θηρσὶ δεινὸν χέρας;
sophokle1v3soph_0074.png	258 1184 1340 1260	οἴμοι γέλωτος, οἷον ὑβρίσθην ἄρα.
sophokle1v3soph_0074.png	792 1289 1365 1357	ΤΕΚΜΗΣΣΑ.
sophokle1v3soph_0074.png	255 1353 1600 1431	μὴ, δέσποτ’ Αἴας, λίσσομαί σ’, αὔδα τάδε.
sophokle1v3soph_0074.png	1032 1459 1235 1527	ΑΙΑΣ.
sophokle1v3soph_0074.png	264 1521 1483 1612	οὐκ ἐκτός; οὐκ ἄψορρον ἐκνεμεῖ πόδα;
sophokle1v3soph_0074.png	178 1611 565 1668	370 αἰαῖ αἰαῖ.
sophokle1v3soph_0074.png	921 1713 1278 1782	ΧΟΡΟΣ.
sophokle1v3soph_0074.png	256 1775 1452 1858	ὦ πρὸς θεῶν ὕπεικε καὶ φρόνησον εὖ.
sophokle1v3soph_0074.png	955 1884 1238 1953	ΑΙΑΣ.
sophokle1v3soph_0074.png	979 1965 1310 2025	Στροφὴ γ’.
sophokle1v3soph_0074.png	262 2032 1811 2119	ὢ δύςμορος, ὃς χερὶ μὲν μεθῆκα τοὺς ἀλάστορας,
sophokle1v3soph_0074.png	254 2191 2023 2254	ist auf den in γένος liegenden Be- auch bei Stobäus 4, 37 Ἐνταῦθα
sophokle1v3soph_0074.png	253 2254 729 2309	griff ἀνήρ bezogen.
sophokle1v3soph_0074.png	1174 2253 2019 2314	μέντοι πάντα τἀνθρώπων νοσεῖ,
sophokle1v3soph_0074.png	261 2309 2016 2369	360. Die Hdschrr. ποιμένων Κακοῖς ὅταν θέλωσιν ἰᾶσθαι κακά.
sophokle1v3soph_0074.png	251 2366 2019 2424	ἐπαρκέσοντ’. Allein der Genitiv Herod. 3, 53 μὴ τῷ κακῷ τὸ κα-
sophokle1v3soph_0074.png	246 2423 1403 2479	ist nicht wohl mit ἐπαρκ. zu ver- κὸν ἰῶ.
sophokle1v3soph_0074.png	254 2475 2021 2538	einigen und Aias kann jetzt am 363. τὸ πῆμα τῆς ἄτος, wie
sophokle1v3soph_0074.png	252 2535 2025 2594	wenigsten sich als ποιμὴν λαῶν Hom. πῆμα κακοῦ, τὸ πῆμα τῆς
sophokle1v3soph_0074.png	252 2592 1580 2651	bezeichnen. Daher habe ich statt νόσου Phil. 765.
sophokle1v3soph_0074.png	255 2648 2023 2708	der Conjectur Lobecks ποιμένων 366. Gegen φοβεροὶ θῆρες zu
sophokle1v3soph_0074.png	252 2707 2023 2765	ἔτ’ ἄρκος ὄντα jetzt Reiske’s Ver- kämpfen, wäre ehrenvoll, sich an
sophokle1v3soph_0074.png	253 2762 2022 2822	besserung angenommen, wie Hom. ἄφ. (φόβον μὴ ἐμποιοῦντες, ci-
sophokle1v3soph_0074.png	253 2820 2023 2878	ἐπαρκέσαι λυγρὸν ὄλεθοον. Der cures bestiae, eine Art Oxymoron)
sophokle1v3soph_0074.png	256 2877 1943 2935	Chor ist für Aias der einzige Ret- zu vergreifen, ist unehrenhaft.
sophokle1v3soph_0074.png	254 2933 2023 2990	ter in der Noth, in dem Sinne, wie 367. ὑβρίσθην, wie 217 ἀπε-
sophokle1v3soph_0074.png	256 2990 1374 3045	die folgende Aufforderung angiebt. λωβήθη.
sophokle1v3soph_0074.png	314 3046 2024 3103	362. Gewöhnlich spricht der Chor 370, Tekmessa streckt flehend
sophokle1v3soph_0074.png	259 3103 2024 3151	diese beiden Verse, doch s. zu 386 ihre Hände nach Aias aus oder
sophokle1v3soph_0074.png	260 3159 2022 3211	und vgl. 591. Das von schlimmen will seine Kniee umfassen, wird
sophokle1v3soph_0074.png	259 3216 2015 3275	Heilkünstlern entlehnte Sprichwort aber aus dem Zelte hinausgewiesen.
sophokle1v3soph_0074.png	256 3272 2019 3331	κακὸν κακῷ ἰᾶσθαι gebraucht Soph. 374. χερί gehört dem Sinne
sophokle1v3soph_0140.png	262 205 362 255	126
sophokle1v3soph_0140.png	928 215 1376 269	ΣΟΦΟΚΛΕΟΥΣ
sophokle1v3soph_0140.png	940 356 1414 427	ΟΔΥΣΣΕΥΣ.
sophokle1v3soph_0140.png	256 418 1557 497	ἀλλʼ εὖ λέγουσι τοῖς φίλοις τιμὰς νέμειν.
sophokle1v3soph_0140.png	856 525 1398 593	ΑΓΑΜΕΜΝΩΝ.
sophokle1v3soph_0140.png	253 588 1601 666	κλύειν τὸν ἐσθλὸν ἄνδρα χρὴ τῶν ἐν τέλει.
sophokle1v3soph_0140.png	815 695 1429 764	ΟΔΥΣΣΕΥΣ.
sophokle1v3soph_0140.png	255 763 1613 834	παῖσαι· κρατεῖς τοι, τῶν φίλων νικώμενος.
sophokle1v3soph_0140.png	894 861 1398 931	ΑΓΑΜΕΜΝΩΝ.
sophokle1v3soph_0140.png	253 925 1546 1003	μέμνησʼ ὁποίῳ φωτὶ τὴν χάριν δίδως.
sophokle1v3soph_0140.png	842 1033 1408 1101	ΟΔΥΣΣΕΥΣ.
sophokle1v3soph_0140.png	152 1095 1535 1174	1355 ὃδʼ ἐχθρὸς ἁνὴρ, ἀλλὰ γενναῖός ποτʼ ἦν.
sophokle1v3soph_0140.png	891 1194 1480 1272	ΑΓΑΜΕΜΝΩΝ.
sophokle1v3soph_0140.png	255 1267 1605 1343	τί ποτε ποιήσεις; ἐχθρὸν ὧδʼ αἰδεῖ νέκυν;
sophokle1v3soph_0140.png	938 1373 1402 1441	ΟΔΥΣΣΕΥΣ.
sophokle1v3soph_0140.png	256 1437 1421 1514	νικᾷ γὰρ ἁρετή με τῆς ἔχθρας πολύ.
sophokle1v3soph_0140.png	896 1536 1398 1585	ΑΓΑΜΕΜΝΩΝ.
sophokle1v3soph_0140.png	252 1606 1535 1683	τοιοίδε μέντοι φῶτες ἔμπληκτοι βροτοῖς.
sophokle1v3soph_0140.png	936 1712 1351 1778	ΟΔΥΣΣΕΥΣ.
sophokle1v3soph_0140.png	254 1773 1576 1852	ἦ κάρτα πολλοὶ νῦν φίλοι, καὖθις πικροί.
sophokle1v3soph_0140.png	891 1880 1471 1948	ΑΓΑΜΕΜΝΩΝ.
sophokle1v3soph_0140.png	148 1945 1633 2022	1360 τοιούςδʼ ἐπαινεῖς δῆτα σὺ κτᾶσθαι φίλους;
sophokle1v3soph_0140.png	870 2043 1440 2118	ΟΔΥΣΣΕΥΣ.
sophokle1v3soph_0140.png	255 2116 1460 2193	σκληρὰν ἐπαινεῖν οὐ φιλῶ ψυχὴν ἐγώ.
sophokle1v3soph_0140.png	307 2299 1100 2353	1352. τὸν ἐσθλόν giebt dem
sophokle1v3soph_0140.png	248 2358 982 2412	Od. den Spruch 1345 zurück.
sophokle1v3soph_0140.png	309 2442 1099 2495	1353. ,, Ein Nachgeben gegen
sophokle1v3soph_0140.png	247 2499 1093 2551	die, welche es gut mit dir meinen,
sophokle1v3soph_0140.png	245 2557 1101 2614	verringert nichts an deiner Herr-
sophokle1v3soph_0140.png	246 2613 1095 2669	scherwürde.“ – νικώμενος,
sophokle1v3soph_0140.png	246 2669 511 2720	ἥσσων ὤν.
sophokle1v3soph_0140.png	306 2738 1099 2800	1357. νικᾷ κτλ., πολὺ κρείσ-
sophokle1v3soph_0140.png	248 2795 1098 2854	σων τῆς ἔχθρας ἐμοὶ ἡ ἀρετή
sophokle1v3soph_0140.png	247 2850 1098 2902	ἐστιν. – πολύ, nicht πλέον, weil
sophokle1v3soph_0140.png	248 2908 1097 2965	im Begriffe des Verbi νικᾶν, wie
sophokle1v3soph_0140.png	249 2965 1101 3019	in βούλομαι, λυσιτελεῖ u. ä., selbst
sophokle1v3soph_0140.png	248 3021 1099 3076	eine Vergleichung liegt. Vgl. 1353
sophokle1v3soph_0140.png	249 3077 630 3120	und Phil. 1100.
sophokle1v3soph_0140.png	309 3146 1099 3196	1358. τοιοίδε, die nicht un-
sophokle1v3soph_0140.png	248 3203 1100 3249	ter allen Umständen ihren Freun-
sophokle1v3soph_0140.png	249 3260 1099 3309	den beitreten, sondern nach der
sophokle1v3soph_0140.png	1173 2303 2031 2355	Lage der Dinge ihnen abfallen, gel-
sophokle1v3soph_0140.png	1173 2360 2022 2411	ten den Leuten für unzuverlässig.
sophokle1v3soph_0140.png	1172 2416 2025 2470	Agamemnon macht dem Odysseus
sophokle1v3soph_0140.png	1174 2472 2027 2520	den Vorwurf des Wankelmuths, da
sophokle1v3soph_0140.png	1173 2530 2026 2580	er doch früher mit ihm gegen Aias
sophokle1v3soph_0140.png	1173 2586 2025 2642	gestanden habe. (Laur. A pr. βρο-
sophokle1v3soph_0140.png	1170 2641 2023 2700	τῶν, wie O. C. 279 ὁ εὐσεβὴς βρο-
sophokle1v3soph_0140.png	1170 2696 2021 2746	τῶν, sonst οἰ τοιοίδε, οἱ δυςσε-
sophokle1v3soph_0140.png	1169 2757 1727 2811	βοῦντες βροτῶν u. ä.)
sophokle1v3soph_0140.png	1232 2814 2027 2868	1359. Odysseus, dadurch ver-
sophokle1v3soph_0140.png	1170 2868 2024 2920	letzt, giebt zu, es komme aller-
sophokle1v3soph_0140.png	1172 2926 2028 2977	dings vor, dass man bald freund-
sophokle1v3soph_0140.png	1172 2982 2026 3032	lich sein, bald bitter und unange-
sophokle1v3soph_0140.png	1173 3038 2021 3093	nehm werden könne. Vgl. 678 ff.
sophokle1v3soph_0140.png	1171 3096 2024 3147	Vielleicht will Od. sagen, Agamem-
sophokle1v3soph_0140.png	1171 3152 2026 3205	non selbst werde jetzt bitter, der
sophokle1v3soph_0140.png	1173 3208 2026 3250	doch eben ihn seinen besten Freund
sophokle1v3soph_0140.png	1172 3271 1367 3316	genannt.
sophokle1v3soph_0017.png	877 216 1164 260	ZUM AIAS.
sophokle1v3soph_0017.png	121 341 1928 418	hören, unmittelbar aber das kluge σιγῇ ἐφ’ ὑμείων stolz
sophokle1v3soph_0017.png	120 413 715 463	verbessernd ausruft:
sophokle1v3soph_0017.png	379 518 1608 586	ἠὲ καὶ ἀμφαδίην, ἐπεὶ οὔ τινα δείδιμεν ἔμπης·
sophokle1v3soph_0017.png	379 590 1496 651	οὐ γάρ τίς με βίῃ γε ἑκὼν ἀέκοντα δίηται,
sophokle1v3soph_0017.png	380 658 1558 722	οὐδέ τι ἰδρείῃ, ἐπεὶ οὐδʼ ἐμὲ νήϊδά γʼ οὕτως
sophokle1v3soph_0017.png	325 729 1599 803	ἔλπομαι ἐν Σαλαμῖνι γενέσθαι τε τραφέμεν τε.
sophokle1v3soph_0017.png	117 824 1934 911	Man vgl. 226 ff. und die Drohung gegen Hektor 13, 824,
sophokle1v3soph_0017.png	117 905 1926 981	der ihn dafür ἁμαρτοεπής, βουγάϊος schilt. Den ungemes-
sophokle1v3soph_0017.png	119 976 1926 1047	senen Heldenstolz des homerischen Achilleus überträgt Sopho-
sophokle1v3soph_0017.png	118 1046 1928 1107	kles auf seinen Aias, s. zu 423 f. Er selbst hält sich für
sophokle1v3soph_0017.png	118 1117 1927 1183	den Ersten aller Heiden, und die Seinigen theilen diesen
sophokle1v3soph_0017.png	120 1187 1927 1250	Glauben, vgl. 502. 636. 1415. Darin hatten die nachhome-
sophokle1v3soph_0017.png	117 1259 1927 1326	rischen Dichter den Weg vorgezeichnet, indem sie gerade an
sophokle1v3soph_0017.png	116 1329 1966 1394	den Rächern des vom Paris begangenen Unrechtes die ethi-
sophokle1v3soph_0017.png	116 1400 1928 1469	sche Grundwahrheit von unausbleiblicher Strafe für jedes
sophokle1v3soph_0017.png	116 1471 1926 1524	Ueberschreiten der den Sterblichen von höheren Mächten an-
sophokle1v3soph_0017.png	114 1542 1928 1605	gewiesenen Schranken veranschaulichten. Wenn nun die Sie-
sophokle1v3soph_0017.png	117 1613 1929 1677	ger theils auf der Heimfahrt, theils bei der Rückkunft ihre
sophokle1v3soph_0017.png	117 1684 1929 1757	im Siegesübermuth begangenen Frevel büssten, so verfiel noch
sophokle1v3soph_0017.png	116 1754 1930 1826	vor Troja Aias schwerer Züchtigung, weil er οὐ κατʼ ἄν-
sophokle1v3soph_0017.png	115 1825 1931 1895	θρωπον ἐφρόνει, Ai. 777. Nach Sophokles hatte er einst
sophokle1v3soph_0017.png	117 1897 1931 1962	die im Drange des Kampfes freundlich dargebotene Hülfe der
sophokle1v3soph_0017.png	119 1967 1927 2033	Göttin der mit Besonnenheit gepaarten Tapferkeit, Pallas
sophokle1v3soph_0017.png	116 2039 1928 2102	Athene, wie beim Auszuge von Salamis die weisen Mahnun-
sophokle1v3soph_0017.png	116 2108 1928 2174	gen des Vaters, stets der Götter eingedenk zu sein, im über-
sophokle1v3soph_0017.png	117 2180 1927 2244	schwänglichen Vertrauen auf eigene Körperkraft keck von
sophokle1v3soph_0017.png	119 2250 1929 2314	der Hand gewiesen, Ai. 760 ff. AIs nun nach Achilleus’ Tode
sophokle1v3soph_0017.png	118 2320 1930 2388	die Waffenrüstung des Peliden dem würdigsten der Achäer
sophokle1v3soph_0017.png	118 2388 1930 2456	zufallen soll, da ist es für ihn, den Ebenbürtigen, der zumal
sophokle1v3soph_0017.png	118 2461 1981 2530	die Leiche des Freundes aus Feindeshand gerettet zu haben
sophokle1v3soph_0017.png	115 2530 1931 2605	behauptete, eine Lebensfrage, da er nicht ohne τὰ πρῶτα
sophokle1v3soph_0017.png	115 2602 1929 2672	καλλιστεῖʼ ἀριστεῦσαι στρατοῦ dem Telamon unter die Au-
sophokle1v3soph_0017.png	116 2671 1927 2742	gen zu treten wagen durfte. Aber gerade da greift Pallas
sophokle1v3soph_0017.png	117 2741 2054 2809	ein, um ihn durch Entziehung des sonst wohl verdienten
sophokle1v3soph_0017.png	117 2812 1927 2882	Preises je unerwarteter desto zermalmender zu demüthigen,
sophokle1v3soph_0017.png	119 2883 1565 2951	indem der Vorzug dem Odysseus zu Theil wird.
sophokle1v3soph_0017.png	264 2952 1928 3021	2. Sehen wir, um über die poetischen Motive und ln-
sophokle1v3soph_0017.png	119 3023 1932 3083	tentionen des Dichters sicherer urtheilen zu können, zunächst
sophokle1v3soph_0017.png	120 3093 1928 3163	zu, woher Sophokles den Stoff entlehnt und in
sophokle1v3soph_0017.png	119 3165 1929 3234	welcher Gestaltung er denselben vorgefunden
sophokle1v3soph_0017.png	120 3243 298 3298	habe.
sophokle1v3soph_0017.png	1523 3317 1590 3360	1 *
