cu31924087948174_0083.png	110 105 157 140	50
cu31924087948174_0083.png	110 378 180 409	ΧΟ.
cu31924087948174_0083.png	123 646 187 670	ΤΕ.
cu31924087948174_0083.png	525 86 847 127	ΣΟΦΟΚΛΕΟΥΣ
cu31924087948174_0083.png	210 190 877 235	ὅστις κεναῖσιν ἐλπίσιν θερμαίνεται.
cu31924087948174_0083.png	210 245 960 297	ἀλλʼ ἢ καλῶς ζῆν, ἢ καλῶς τεθνηκέναι
cu31924087948174_0083.png	209 305 949 371	τὸν εὐγενῆ χρή· πάντʼ ἀκήκοας λόγον.
cu31924087948174_0083.png	212 364 925 415	οὐδεὶς ἐρεῖ ποθʼ ὡς ὑπόβλητον λόγον,
cu31924087948174_0083.png	211 421 962 474	Αἴας, ἔλεξας, ἀλλὰ τῆς σαυτοῦ φρενός.
cu31924087948174_0083.png	210 480 1017 533	παῦσαί γε μέντοι καὶ δὸς ἀνδράσιν φίλοις
cu31924087948174_0083.png	211 539 1019 592	γνώμης κρατῆσαι, τάσδε φροντίδας μεθείς.
cu31924087948174_0083.png	212 626 938 672	ὦ δέσποτʼ Αἴας, τῆς ἀναγκαίας τύχης
cu31924087948174_0083.png	212 683 988 731	οὐκ ἔστιν οὐδὲν μεῖζον ἀνθρώποις κακόν.
cu31924087948174_0083.png	213 742 913 792	ἐγὼ δʼ ἐλευθέρου μὲν ἐξέφυν πατρός,
cu31924087948174_0083.png	213 800 1010 850	εἴπερ τινὸς σθένοντος ἐν πλούτῳ Φρυγῶν·
cu31924087948174_0083.png	214 860 1047 908	νῦν δʼ εἰμὶ δούλη. θεοῖς γὰρ ὧδ’ ἔδοξέ που
cu31924087948174_0083.png	215 919 962 967	καὶ σῇ μάλιστα χειρί. τοιγαροῦν, ἐπεὶ
cu31924087948174_0083.png	216 979 1013 1027	τὸ σὸν λέχος ξυνῆλθον, εὖ φρονῶ τὰ σά,
cu31924087948174_0083.png	217 1038 929 1084	καί σʼ ἀντιάζω πρός τʼ ἐφεστίου Διὸς
cu31924087948174_0083.png	1213 303 1271 337	480
cu31924087948174_0083.png	1216 626 1272 662	485
cu31924087948174_0083.png	1217 930 1273 958	490
cu31924087948174_0083.png	150 1141 1275 1179	481. λόγον] λον L. λόγον C7. 482. τῆς σαυτοῦ] τῆσαὐτοῦ LΓ. τῆς σαυ-
cu31924087948174_0083.png	118 1201 1138 1237	τοῦ C7. 486. κακόν] .. ον L. κακὸν C7. 488. τινός] τινὸς C6Α.
cu31924087948174_0083.png	152 1299 1277 1335	478. κεναῖσιν] ‘Vain.’ because ren- 488. εἴπερ τινός] The hypothetical
cu31924087948174_0083.png	119 1334 1277 1367	dered fruitless by the certainty of clause εἴπερ τις is attracted, as a sort
cu31924087948174_0083.png	725 1366 1276 1399	of pronoun, into the construction of the
cu31924087948174_0083.png	119 1369 201 1393	death.
cu31924087948174_0083.png	152 1400 1276 1436	479. Cp. II. 15. 511, where Ajax clause on which it depends. See Ε. on
cu31924087948174_0083.png	120 1432 1275 1469	says, βέλτερον ἢ ἀπολέσθαι ἕνα χρόνον L. § 35. p. 60, and cp. ἔνιοι. So in O. C.
cu31924087948174_0083.png	727 1466 1277 1500	734, σθένουσαν.. εἴ τινʼ Ἑλλάδος. For
cu31924087948174_0083.png	120 1468 253 1501	ἠὲ βιῶναι.
cu31924087948174_0083.png	153 1499 1276 1534	481. ὑπόβλητον] ‘False’ i.e. unreal σθένοντος ἐν πλούτῳ, cp. Pind. Isthm. 3.
cu31924087948174_0083.png	122 1532 1170 1568	and not your own. Supr. 189, εἰ δʼ ὑπο- 2, σθένει πλούτου; Eur. El. 939.
cu31924087948174_0083.png	122 1567 632 1599	βαλλόμενοι | κλέπτουσι μύθους, κ.τ.λ.
cu31924087948174_0083.png	759 1567 1089 1599	489. που] ‘I suppose.’
cu31924087948174_0083.png	155 1598 1278 1631	482. ἀλλὰ τῆς σαυτοῦ φρενός] ‘But 490. μάλιστα] ‘Above all.’ The
cu31924087948174_0083.png	124 1631 1279 1664	one proceeding from your inmost power of Ajax is more manifest to
cu31924087948174_0083.png	727 1665 1279 1699	Tecmessa than that of the gods them-
cu31924087948174_0083.png	124 1664 276 1698	thought.’
cu31924087948174_0083.png	157 1696 1279 1730	484. γνώμης κρατῆσαι] ‘To overrule selves, and she has learnt to adopt some-
cu31924087948174_0083.png	124 1730 1280 1765	thy purpose’ Cp. supr. 448, γνώμης thing of his bold way of speaking about
cu31924087948174_0083.png	125 1762 1279 1800	ἀπῇξαν τῆς ἐμῆς. In Phil. 972, δούς is them. Cp. infr. 950-3. She knows,
cu31924087948174_0083.png	125 1794 1281 1830	used absolutely with dat. of the person too, that it is dangerous in his presence
cu31924087948174_0083.png	126 1827 1282 1863	for ‘yielding to advice.’ Cp. Trach. 1117, to acknowledge the gods as supreme
cu31924087948174_0083.png	127 1859 337 1890	δός μοι σεαυτόν.
cu31924087948174_0083.png	729 1862 1136 1898	over him. Cp. infr. 589, 90.
cu31924087948174_0083.png	160 1893 1283 1930	485 foll. This speech of Tecmessa’s 491. τὸ σὸν λέχος ξύνῆλθον] Sc.
cu31924087948174_0083.png	127 1926 1283 1959	has a certain general resemblance to σοί implied in τὸ σόν. ‘Since I came
cu31924087948174_0083.png	128 1959 1042 1996	that of Andromache in Il. 6. 407 foll. to wedlock with thee’
cu31924087948174_0083.png	162 1991 1285 2030	τῆς ἀναγκαίας τύχης] ‘Helpless mis- εὖ φρονῶ τὰ σά] ‘My thoughts are
cu31924087948174_0083.png	129 2025 1286 2061	fortune.’ ἀναγκαία τύχη is the crushing wholly for thy good.’ As she is one
cu31924087948174_0083.png	131 2058 1287 2095	calamity that leaves its victim no chance with him, she feels that she has a right
cu31924087948174_0083.png	132 2091 1258 2131	of extricating himself. The phrase is to speak of what concerns them both.
cu31924087948174_0083.png	132 2123 1287 2163	touchingly expressive of Tecmessa’s 492, 3. πρός τʼ ἐφεστίου Διὸς | εὐνῆς
cu31924087948174_0083.png	133 2155 524 2188	orphaned and captive state.
cu31924087948174_0083.png	733 2160 1288 2192	τε τῆς σῆς] ‘By Zeus who has watched
cu31924087948174_0102.png	657 90 778 127	ΑΙΑΣ.
cu31924087948174_0102.png	236 183 843 236	πάνθʼ ὁ μέγας χρόνος μαραίνει·
cu31924087948174_0102.png	1247 105 1294 148	69
cu31924087948174_0102.png	237 245 1291 305	κοὐδὲν ἀναύδητον *φατίσαιμ’ ἄν, εὖτέ γʼ ἐξ ἀέλπτων 715
cu31924087948174_0102.png	188 303 601 350	10 Αἴας μετανεγνώσθη
cu31924087948174_0102.png	236 362 950 411	θυμῶν Ἀτρείδαις μεγάλων τε νεικέων.
cu31924087948174_0102.png	599 486 821 522	ΑΓΓΕΛΟΣ.
cu31924087948174_0102.png	233 559 1001 612	ἄνδρες φίλοι, τὸ πρῶτον ἀγγεῖλαι θέλω,
cu31924087948174_0102.png	244 618 919 665	Τεῦκρος πάρεστιν ἄρτι Μυσίων ἀπὸ
cu31924087948174_0102.png	232 679 1038 728	κρημνῶν· μέσον δὲ προσμολὼν στρατήγιον
cu31924087948174_0102.png	231 737 914 786	κυδάζεται τοῖς πᾶσιν Ἀργείοις ὁμοῦ.
cu31924087948174_0102.png	231 796 1019 849	στείχοντα γὰρ πρόσωθεν αὐτὸν ἐν κύκλῳ
cu31924087948174_0102.png	228 854 907 902	μαθόντες ἀμφέστησαν, εἶτʼ ὀνείδεσιν
cu31924087948174_0102.png	230 913 980 963	ἤρασσον ἔνθεν κἄνθεν οὔτις ἔσθʼ ὃς οὔ,
cu31924087948174_0102.png	228 973 1010 1020	τὸν τοῦ μανέντος κἀπιβουλευτοῦ στρατοῦ
cu31924087948174_0102.png	1226 641 1285 671	720
cu31924087948174_0102.png	1209 693 1282 736	[9 b.
cu31924087948174_0102.png	1222 935 1278 966	725
cu31924087948174_0102.png	160 1059 1278 1099	714. μαραίνει·] μαραίνει γε καὶ φλέγει L. μαραίνει . καὶ φλέγει Vat. c. μ. τε καὶ
cu31924087948174_0102.png	123 1094 297 1127	φλέγει Celt.
cu31924087948174_0102.png	427 1095 1278 1133	715. φατίσαιμʼ] φατίζαιμ’ LM. φατίξαιμ’ CAL2 Pal. Vat. ac
cu31924087948174_0102.png	124 1126 518 1161	VM2. φατίσαιμ’ Lob. corr.
cu31924087948174_0102.png	612 1128 1277 1163	716. θυμῶν] θυμὸν LΓ (γρ. θυμῶν) VV3 Pal. Vat.
cu31924087948174_0102.png	123 1159 930 1197	ac RM2Mc. θυμόν τ’ Α. θυμῶν L2 pr. M pr. Γ mg. R 77.
cu31924087948174_0102.png	122 1193 292 1223	τοπρῶτον Α.
cu31924087948174_0102.png	122 1225 358 1250	om. L. add. C2Α.
cu31924087948174_0102.png	415 1195 1277 1231	721. προσμολών] προσμολῶν L. προσμολὼν C. 726. τὸν
cu31924087948174_0102.png	157 1305 675 1340	715. ἐξ ἀέλπτων] ‘When we had
cu31924087948174_0102.png	121 1338 498 1372	despaired.’ Cp. supr. 648.
cu31924087948174_0102.png	155 1372 674 1403	716. μετανεγνώσθη] ‘Has been con-
cu31924087948174_0102.png	119 1404 674 1436	verted.’ Ajax, supr. 651, attributed the
cu31924087948174_0102.png	119 1437 677 1469	change in himself to the persuasion of
cu31924087948174_0102.png	119 1471 260 1495	Tecmessa.
cu31924087948174_0102.png	1056 1166 1275 1200	719. τὸ πρῶτον]
cu31924087948174_0102.png	154 1503 673 1535	717. θυμῶν] This reading, which
cu31924087948174_0102.png	118 1536 670 1566	occurs in some MSS., is nearer to θυμόν,
cu31924087948174_0102.png	117 1569 671 1601	the reading of L, than the conj. θυμοῦ
cu31924087948174_0102.png	116 1602 670 1633	τʼ, which has been commonly adopted.
cu31924087948174_0102.png	117 1635 673 1668	For the poetical plural, ‘outbursts of
cu31924087948174_0102.png	115 1667 668 1700	wrath,’ cp. Trach. 882, τίνες νόσοι; and
cu31924087948174_0102.png	114 1700 668 1736	see Essay on L. § 20. p. 30. The plural
cu31924087948174_0102.png	114 1733 667 1768	of θυμός occurs in Plat. Phil. 40 E:
cu31924087948174_0102.png	113 1766 665 1804	Legg. 11. 934 A, ὁ δὲ ..ἐν φόβοις δειλίας,
cu31924087948174_0102.png	112 1799 666 1835	ἤ τισιν ἐπιθυμίαις ἢ φθόνοις ἢ θυμοῖς δυ-
cu31924087948174_0102.png	112 1833 524 1864	σιάτοις γιγνόμενος. (νεικεων.)
cu31924087948174_0102.png	147 1866 665 1899	719 foll. The proscenium has been
cu31924087948174_0102.png	111 1899 665 1932	vacant during the preceding ode. A
cu31924087948174_0102.png	110 1931 665 1966	single figure is now seen approaching
cu31924087948174_0102.png	109 1965 663 2000	from the opposite direction to that in
cu31924087948174_0102.png	109 1998 663 2031	which Ajax went forth. The man
cu31924087948174_0102.png	108 2031 662 2095	proves to be Teucer’s forerunner. The effect of the following scene is
cu31924087948174_0102.png	108 2096 662 2126	twofold. On the one hand, the Chorus
cu31924087948174_0102.png	107 2128 661 2157	and Tecmessa are roused from their
cu31924087948174_0102.png	727 1307 1274 1338	Ajax. We are thus made aware that
cu31924087948174_0102.png	727 1341 1272 1378	the crisis of the drama is approaching.
cu31924087948174_0102.png	727 1374 1276 1410	But, on the other hand, the bearing of
cu31924087948174_0102.png	725 1406 1273 1442	the prophet to Teucer, as reported by
cu31924087948174_0102.png	725 1438 1272 1471	the messenger, and the tenor of his
cu31924087948174_0102.png	724 1472 1272 1506	prophecy, assure the spectator that the
cu31924087948174_0102.png	724 1505 1271 1539	anger of Athena against Ajax is not
cu31924087948174_0102.png	723 1536 1270 1572	lasting, and hold forth a vague promise
cu31924087948174_0102.png	723 1569 912 1602	of final peace.
cu31924087948174_0102.png	754 1602 1269 1637	ἄνδρες φίλοι] The messenger, who
cu31924087948174_0102.png	720 1634 1269 1664	is one of Teucer’s men, thus assures the
cu31924087948174_0102.png	720 1668 1267 1705	mariners of his continued friendship in
cu31924087948174_0102.png	719 1701 1268 1736	their master’s hour of need. τὸ πρῶτον
cu31924087948174_0102.png	719 1733 1267 1769	stands in apposition with the sentence,
cu31924087948174_0102.png	718 1766 1267 1798	Τεῦκρος παρέστι, which, as Hermann
cu31924087948174_0102.png	718 1801 1266 1834	says, must be held as equivalent to Τεῦ-
cu31924087948174_0102.png	717 1834 1265 1871	κρον παρεῖναι. Cp. O. T. 1234, 5, ὁ μὲν
cu31924087948174_0102.png	716 1864 1262 1898	τάχιστος τῶν λόγων εἰπεῖν τε καὶ | μαθεῖν,
cu31924087948174_0102.png	716 1898 1263 1930	τέθνηκε θεῖον Ἰοκάστης κάρα. The ab-
cu31924087948174_0102.png	715 1932 1262 1966	ruptness of this gives some colour to
cu31924087948174_0102.png	715 1964 1262 1997	Musgrave’s conjecture, ἄνδρες, φίλον τὸ
cu31924087948174_0102.png	714 1996 1014 2027	πρῶτον ἀγγεῖλαι θέλω.
cu31924087948174_0102.png	718 2030 1260 2060	724, 5. ‘For when they knew him
cu31924087948174_0102.png	712 2061 1261 2095	from afar off as he approached, they
cu31924087948174_0102.png	712 2094 1261 2128	surrounded him’ Cp. infr. 1046, μαθεῖν
cu31924087948174_0102.png	711 2126 1061 2158	γὰρ ἐγγὺς ὢν οὐ δυσπετής.
cu31924087948174_0102.png	106 2158 1258 2197	security, and go anxiously in search of 726. κἀπιβουλευτοῦ στρατοῦ] ‘And
cu31924087948174_0035.png	629 82 741 123	AJAX.
cu31924087948174_0035.png	109 158 1267 210	Hector by Achilles before death, which Euripides also assumes, has in
cu31924087948174_0035.png	109 199 1268 251	all probability an Epic origin1; but Sophocles is fairly to be credited
cu31924087948174_0035.png	107 240 1268 292	with making Ajax perfom his last act in presence of the Sun, and
cu31924087948174_0035.png	109 282 1267 331	not, as Pindar describes it, at dead of night, or as Arctinus (according
cu31924087948174_0035.png	107 327 1057 370	to the Scholiast on Pind. Isthm. 3. 59), in the grey dawn.
cu31924087948174_0035.png	149 365 1267 414	It is more important to notice, what is evident on the surface of the
cu31924087948174_0035.png	107 407 1266 456	play, that for dramatic purposes the poet sets forth the same action
cu31924087948174_0035.png	108 450 1264 495	from various points of view. How far any of these rest upon
cu31924087948174_0035.png	109 489 1265 535	tradition, how far upon invention, is again doubtful, though we are
cu31924087948174_0035.png	108 530 1265 577	naturally tempted to assign what is crude to primitive legend, and
cu31924087948174_0035.png	109 571 1265 618	to Sophocles what is noblest and most refined. Thus the incident
cu31924087948174_0035.png	110 613 1264 659	of Ajax’ slaughter of the cattle could not have been referred to the
cu31924087948174_0035.png	108 654 1263 698	invention of Sophocles, even if we had not been told that it was
cu31924087948174_0035.png	109 700 551 732	included in the Little Iliad.
cu31924087948174_0035.png	154 775 1262 817	1. The interposition of Athena supplies the mainspring of the story.
cu31924087948174_0035.png	110 816 1261 859	Her appearance in the opening scene produces a deep impression,
cu31924087948174_0035.png	109 857 1263 897	which remains with the spectator to the end. Although dimly
cu31924087948174_0035.png	109 898 1262 937	visible, and not blazoned to the view, as she would have been in an
cu31924087948174_0035.png	110 939 1261 980	Aeschylean drama, her voice must have thrilled the vast audience
cu31924087948174_0035.png	110 981 652 1020	with a no less overpowering awe.
cu31924087948174_0035.png	151 1020 1262 1062	In the course of the drama her action is differently regarded by
cu31924087948174_0035.png	111 1064 428 1101	different persons.
cu31924087948174_0035.png	151 1103 1280 1145	a. She comes at the height of that which mortals deem her wrath :
cu31924087948174_0035.png	110 1145 1261 1182	— but what calmness, what sublime self-possession, breathes in every
cu31924087948174_0035.png	111 1185 1261 1223	word ! We see that she has done nothing but in care for the army
cu31924087948174_0035.png	111 1226 1260 1265	and for Odysseus, whose wisdom, inspired by her, preserves the army.
cu31924087948174_0035.png	110 1266 1260 1304	In maddening Ajax, she has saved the generals, from whom she has
cu31924087948174_0035.png	110 1307 1261 1347	brushed away the impending danger, ‘ as a mother flicks a fly from
cu31924087948174_0035.png	110 1347 1261 1387	her sleeping child,’ and in the defeat which caused his rage and made
cu31924087948174_0035.png	110 1388 1265 1428	her interference necessary, he suffered the inevitable consequence of
cu31924087948174_0035.png	109 1429 1260 1470	his overweening pride. Her face is still against him— that the spec-
cu31924087948174_0035.png	111 1469 1262 1509	tator sees—and her divine irony is terrible. The gods know no half-
cu31924087948174_0035.png	110 1510 1261 1547	measures ; they are as inexorable ‘ as a law of Nature.’ But we are
cu31924087948174_0035.png	110 1550 1262 1591	made to feel that without this act of her displeasure the host must
cu31924087948174_0035.png	110 1590 1262 1631	have perished, and the severe warning to Odysseus with which she
cu31924087948174_0035.png	111 1631 1262 1671	withdraws to the unseen Olympus, justifies her in the mind of the
cu31924087948174_0035.png	112 1671 1261 1714	spectator of all suspicion of vindictiveness and party spirit. She her-
cu31924087948174_0035.png	113 1712 1262 1758	self draws from Odysseus the admission that Ajax, when in his right
cu31924087948174_0035.png	111 1752 1017 1796	mind, was distinguished both for bravery and foresight.
cu31924087948174_0035.png	151 1790 1262 1835	b. Not so does Tecmessa in her bitter grief read the lesson of the
cu31924087948174_0035.png	112 1827 1262 1881	situation.—‘The terrible daughter of Zeus has contrived this calamity
cu31924087948174_0035.png	110 1874 1261 1922	to please Odysseus.’ Not so does Ajax understand it in his rage.
cu31924087948174_0035.png	110 1914 1262 1960	He only knows that she has defeated his purpose :—‘ The resistless
cu31924087948174_0035.png	109 1956 1263 1999	goddess of the petrifying glance, daughter of Zeus, foiled me with
cu31924087948174_0035.png	109 1996 1262 2044	madness when in the act of stretching forth my hand against them.’
cu31924087948174_0035.png	109 2036 1264 2080	In his dissembling speech he professes himself anxious to avoid her
cu31924087948174_0035.png	140 2116 1289 2161	1 It may notwithstanding have been analogy between sword and girdle more
cu31924087948174_0035.png	107 2151 1168 2193	preferred by Sophocles, as making the complete. See 1029 ff. and note.
cu31924087948174_0063.png	80 99 127 132	30
cu31924087948174_0063.png	501 81 813 118	ΣΟΦΟΚΛΕΟΥΣ
cu31924087948174_0063.png	183 185 801 232	ἀγγελίαν ἄτλατον οὐδὲ φευκτάν,
cu31924087948174_0063.png	182 241 926 292	τῶν μεγάλων Δαναῶν ὕπο κλῃζομέναν,
cu31924087948174_0063.png	183 305 667 350	τὰν ὁ μέγας μῦθος ἀέξει.
cu31924087948174_0063.png	184 357 1112 411	οἴμοι, φοβοῦμαι τὸ προσέρπον. περίφαντος ἁνὴρ
cu31924087948174_0063.png	186 418 962 468	θανεῖται, παραπλήκτῳ χερὶ συγκατακτὰς
cu31924087948174_0063.png	185 476 1101 529	κελαινοῖς ξίφεσιν βοτὰ καὶ βοτῆρας ἱππονώμας.
cu31924087948174_0063.png	95 541 719 586	ΤΕ. ὤμοι· κεῖθεν κεῖθεν ἄρ’ ἡμῖν
cu31924087948174_0063.png	184 601 766 645	δεσμῶτιν ἄγων ἤλυθε ποίμναν·
cu31924087948174_0063.png	185 657 829 704	ὧν τὴν μὲν ἔσω σφάζ’ ἐπὶ γαίας,
cu31924087948174_0063.png	184 717 846 762	τὰ δὲ πλευροκοπῶν δίχʼ ἀνερρήγνυ.
cu31924087948174_0063.png	1184 249 1241 279	225
cu31924087948174_0063.png	1184 429 1242 457	230
cu31924087948174_0063.png	1183 548 1239 575	233
cu31924087948174_0063.png	1183 664 1239 694	235
cu31924087948174_0063.png	85 815 1239 851	αἴθονος L2. αἴθονος Vat. a. αἴθοπος Vat. c. 223. φευκτάν] φευκτὸν L.
cu31924087948174_0063.png	85 859 1238 899	φευκτὰν C3. 225. ὕπο κλῃζομέναν] ὑποκληι ζομέναν L (ηϊ ΑΓC7). 227. οἴμοι]
cu31924087948174_0063.png	86 893 1240 931	ὠίμοι L. οἴμοι Α. ὤμοι Γ. ἁνήρ] ἁνὴρ LA. 230. συγκατακτάς] συνκατακτὰσ
cu31924087948174_0063.png	481 926 1238 962	232. ἱππονώμας] ἱππονόμους LA. ἱππονόμας L2 Porson
cu31924087948174_0063.png	85 929 367 963	L. συγκατακτὰς C7.
cu31924087948174_0063.png	86 959 1238 998	corr. 236. τά] τὰσδέ LA. τὰς δὲ Γ. τὰσδὲ Pal. ἀνερρήγνυ] ἀν ἐρρήγνυ L.
cu31924087948174_0063.png	86 996 260 1028	ἀνερρήγνυ Α.
cu31924087948174_0063.png	87 1105 634 1136	the fiery man.’ Essay on L. § 9. p. 12, 2.
cu31924087948174_0063.png	87 1137 636 1172	If τοι is retained in infr. 245, we may
cu31924087948174_0063.png	88 1169 635 1203	read here οἵαν ἐδήλωσας *κατ’ ἀνδρὸς
cu31924087948174_0063.png	88 1203 636 1236	αἴθονος. The short syllable in αἴθονος
cu31924087948174_0063.png	88 1236 635 1267	is sufficiently supported by αἴθονα occur-
cu31924087948174_0063.png	87 1268 636 1302	ring in Hesychius in the right alpha-
cu31924087948174_0063.png	88 1301 634 1334	betical order (immediately after αἶθον).
cu31924087948174_0063.png	89 1334 635 1365	Although αἴθοπος (see v. rr.) may be
cu31924087948174_0063.png	89 1366 637 1398	defended, on the ground that the second
cu31924087948174_0063.png	88 1399 636 1432	part of a compound has sometimes little
cu31924087948174_0063.png	89 1432 636 1468	significance (see esp. infr. 954, κελαι-
cu31924087948174_0063.png	89 1465 637 1496	νώπαν θυμόν), yet αἴθων, which directly
cu31924087948174_0063.png	89 1498 636 1530	expresses character, is more appropriate
cu31924087948174_0063.png	89 1530 635 1562	here, and has the preponderance of MS.
cu31924087948174_0063.png	87 1563 398 1596	authority in its favour.
cu31924087948174_0063.png	125 1595 636 1628	222. ἄτλατον οὐδὲ φευκτάν] ‘That
cu31924087948174_0063.png	89 1629 591 1662	can neither be avoided nor endured.’
cu31924087948174_0063.png	124 1661 637 1693	225. μεγάλων] ‘Terrible.’ The mari-
cu31924087948174_0063.png	89 1694 635 1726	ners, in their feebleness (supr. 165 foll.),
cu31924087948174_0063.png	89 1727 636 1758	are afraid of the opinion of the host.
cu31924087948174_0063.png	89 1760 638 1786	These words are added as a comment
cu31924087948174_0063.png	91 1792 641 1826	on οὐδὲ φευκτάν. The consequences of
cu31924087948174_0063.png	90 1826 638 1856	the fact cannot be eluded, since it is
cu31924087948174_0063.png	89 1859 639 1893	known to the host, and magnified by
cu31924087948174_0063.png	90 1900 207 1925	rumour.
cu31924087948174_0063.png	126 1923 639 1962	226. ὁ μέγας μῦθος] ‘The formidable
cu31924087948174_0063.png	90 1958 640 1992	power of rumour.’ Supr. 172, ὦ μεγάλα
cu31924087948174_0063.png	89 1991 639 2022	φάτις. μῦθος is the rumour about this
cu31924087948174_0063.png	89 2024 643 2058	particular thing, with a suggestion of
cu31924087948174_0063.png	90 2057 343 2091	rumour in general.
cu31924087948174_0063.png	123 2089 640 2123	ἀέξει] Not ‘exaggerates,’ for the evil
cu31924087948174_0063.png	724 1102 1239 1137	229. περίφαντος.. θανεῖται] ‘He will
cu31924087948174_0063.png	688 1136 1239 1167	be discovered and will die.’ περίφαντος
cu31924087948174_0063.png	688 1169 1237 1204	is explained by the words that follow,
cu31924087948174_0063.png	687 1191 1318 1233	παραπλήκτῳ χερί, κ.τ.λ. The nature of
cu31924087948174_0063.png	688 1235 1094 1260	the crime defies concealment.
cu31924087948174_0063.png	722 1267 1238 1300	231. κελαινοῖς ξίφεσιν] ‘With dark-
cu31924087948174_0063.png	689 1301 1238 1335	ened brand.’ The plural, as in Ant. 820,
cu31924087948174_0063.png	687 1334 1242 1365	ξιφέων ἐπίχειρα, denotes the action of
cu31924087948174_0063.png	688 1367 1238 1402	the sword rather than the sword itself.
cu31924087948174_0063.png	688 1399 1237 1434	The epithet κελαινοῖς, as in Trach. 856,
cu31924087948174_0063.png	687 1433 1239 1465	κελαινὰ λόγχα, suggests the colour of a
cu31924087948174_0063.png	688 1466 1239 1498	sword or spear that has been much used
cu31924087948174_0063.png	688 1499 812 1523	in battle.
cu31924087948174_0063.png	692 1531 1239 1566	βοτῆρας] Supr. 27, αὐτοῖς ποιμνίων
cu31924087948174_0063.png	688 1564 1240 1590	ἐπιστάταις. This fact is known to the
cu31924087948174_0063.png	687 1598 1239 1631	mariners from the report of the army,
cu31924087948174_0063.png	687 1631 960 1665	not from Tecmessa.
cu31924087948174_0063.png	721 1665 1241 1697	ἱππονώμας] Either (1) because cap-
cu31924087948174_0063.png	688 1697 1241 1727	tive horses, like those of Rhesus, were
cu31924087948174_0063.png	689 1730 1241 1766	included in the spoil (this might add
cu31924087948174_0063.png	689 1763 1241 1800	force to ἱππομανῆ, supr. 143), or rather
cu31924087948174_0063.png	691 1797 1240 1831	(2) because the herdsmen were mounted,
cu31924087948174_0063.png	690 1830 1242 1864	as might well happen where the herd
cu31924087948174_0063.png	689 1865 925 1898	was so extensive.
cu31924087948174_0063.png	717 1896 1245 1932	235. ὧν τὴν μέν] Sc. ποίμναν. ‘Whereof
cu31924087948174_0063.png	691 1930 1243 1969	one part.’ The plural ὧν is equivalent
cu31924087948174_0063.png	691 1963 1244 1999	to a collective ἦς. referring to ποίμναν
cu31924087948174_0063.png	691 1996 1243 2030	supr. The force of ἔσω (‘in the tent’)
cu31924087948174_0063.png	690 2029 1244 2065	is continued to the subsequent clauses.
cu31924087948174_0063.png	692 2062 1245 2096	For τὴν μέν followed by τὰ δέ, see
cu31924087948174_0063.png	692 2095 1023 2129	Essay on L. § 20. p. 31.
cu31924087948174_0063.png	726 2129 1245 2163	236. πλευροκοπῶν δίχʼ ἀνερρήγνυ]
cu31924087948174_0063.png	91 2123 640 2156	could not be exaggerated, but, ‘which the
cu31924087948174_0063.png	90 2156 1247 2197	mighty power of rumour spreads abroad.’ ‘He smote beneath the ribs and ripped
cu31924087948174_0040.png	538 88 875 121	INTRODUCTION.
cu31924087948174_0040.png	124 164 1277 214	of the date of composition, and certainly very different in structure,
cu31924087948174_0040.png	125 205 1279 254	the Ajax, in respect of subject and spirit, may be compared to the
cu31924087948174_0040.png	125 244 1279 297	Oedipus Coloneus. Both appeal, in different ways, more directly
cu31924087948174_0040.png	125 286 1280 332	than the other five plays, to Athenian patriotism 1, and both breathe
cu31924087948174_0040.png	124 327 1280 377	the same high faith, that the essentially noble spirit cannot lastingly
cu31924087948174_0040.png	125 368 1279 412	fall under the displeasure of the gods. In both there are elaborate
cu31924087948174_0040.png	126 411 1280 456	accusations which give occasion for rhetorical display. But the
cu31924087948174_0040.png	126 450 1279 498	Coloneus moves deeper questionings, and, as already said, the Ajax
cu31924087948174_0040.png	125 494 1278 536	comprises the struggle and the reconcilement in successive acts, while
cu31924087948174_0040.png	125 533 1282 576	the Oedipus at Colonus is wholly, like the Philoctetes, a drama of
cu31924087948174_0040.png	123 575 352 606	reconciliation.
cu31924087948174_0040.png	166 641 1279 684	7. The rhetorical tendency which is so conspicuous in the latter
cu31924087948174_0040.png	124 683 1278 723	part of the Ajax no doubt arises from the situation, but it is less under
cu31924087948174_0040.png	124 723 1278 770	the control of dramatic feeling than in the altercation between Creon
cu31924087948174_0040.png	125 764 1279 806	and Haemon or the Watchman in the Antigone. The στιχομυθίαι
cu31924087948174_0040.png	125 806 1277 847	especially, and the antiphonal dialogue in 1142-1162, have, in this
cu31924087948174_0040.png	123 848 1277 887	respect, a certain crudeness that does not recur. Still, hardly a line
cu31924087948174_0040.png	123 887 1277 928	is entirely without point and movement, and there is nothing to remind
cu31924087948174_0040.png	124 928 831 968	us of the occasional ἀδολεσχία of Euripides.
cu31924087948174_0040.png	166 994 1278 1034	8. The two ‘acts,’ of which the Ajax consists, are divided by a
cu31924087948174_0040.png	125 1034 1277 1074	change of scene, and by the exit and re-entrance, or ἐπιπάροδος, of the
cu31924087948174_0040.png	125 1076 1276 1115	chorus2. In this there is a reminiscence of Aeschylean boldness ;
cu31924087948174_0040.png	125 1116 1281 1156	indeed, it is doubtful whether anything in the extant plays of
cu31924087948174_0040.png	123 1157 1277 1196	Aeschylus involves such a deliberate departure from established usage
cu31924087948174_0040.png	124 1198 1277 1237	as the last speech of Ajax made in the absence of the chorus, and
cu31924087948174_0040.png	124 1239 1276 1277	his suicide in the sight of the spectators. That this was the result
cu31924087948174_0040.png	124 1279 1277 1318	of artistic contrivance has been already seen. The desired effect
cu31924087948174_0040.png	123 1320 1276 1358	could not otherwise have been produced. The spectator could not
cu31924087948174_0040.png	123 1360 1275 1399	have known all, and would have imagined something behind. The
cu31924087948174_0040.png	123 1400 1275 1441	action, if solitary, could not be reported, and it must be solitary. But
cu31924087948174_0040.png	122 1441 1274 1482	it may fairly be questioned whether Sophocles would have ventured
cu31924087948174_0040.png	121 1481 1278 1523	upon this arrangement, if when he composed the Ajax the taste of
cu31924087948174_0040.png	122 1522 1274 1563	the Athenians for unity of effect had been as completely formed as
cu31924087948174_0040.png	122 1564 926 1604	it was when he produced the Oedipus Tyrannus.
cu31924087948174_0040.png	165 1623 1278 1666	9. The fortunes of the Aeacidae were often made the subject of
cu31924087948174_0040.png	121 1663 1274 1708	tragedy. Sophocles wrote a ‘Peleus,’ a ‘Teucer’ and a ‘Eurysaces.’
cu31924087948174_0040.png	122 1705 1273 1748	Amongst the lost plays of Aeschylus the Ὅπλων κρίσις, the Θρῆσσαι,
cu31924087948174_0040.png	122 1745 1274 1787	and the Σαλαμίνιοι turned on the fall of Ajax, and may have formed
cu31924087948174_0040.png	122 1786 1274 1830	a trilogy. Euripides had a Peleus ; and of minor dramatists, Theo-
cu31924087948174_0040.png	123 1827 1273 1871	dectes and Astydamas treated the subject of Ajax, Ion and Nicomachus
cu31924087948174_0040.png	120 1867 1143 1913	that of Teucer. (Nauck, Tragicorum Graecorum Fragmenta.)
cu31924087948174_0040.png	166 1930 585 1970	10. Language and metre.
cu31924087948174_0040.png	202 1964 1273 2011	a. The style of he Ajax is characterized by an epic fulness, and
cu31924087948174_0040.png	152 2039 1273 2079	1 The Ajax has been supposed to is in the Eumenides of Aeschylus, where
cu31924087948174_0040.png	120 2072 1273 2116	appeal to Anti-Spartan feelling. But the change immediately follows the paro-
cu31924087948174_0040.png	723 2104 1272 2133	dos. But see Introd. to Oed. Col in
cu31924087948174_0040.png	119 2112 392 2142	see note on l. 1074.
cu31924087948174_0040.png	152 2140 959 2176	2 The only clearly parallel instance vol. i. pp. 282, 3.
cu31924087948174_0107.png	124 112 167 134	74
cu31924087948174_0107.png	126 247 176 265	ΤΕ.
cu31924087948174_0107.png	130 260 185 284	ΤΕ.
cu31924087948174_0107.png	119 367 190 404	ΧΟ.
cu31924087948174_0107.png	131 499 185 522	ΤΕ.
cu31924087948174_0107.png	120 545 186 579	ΑΓ.
cu31924087948174_0107.png	127 663 186 699	ΤΕ.
cu31924087948174_0107.png	120 723 185 759	ΑΓ.
cu31924087948174_0107.png	128 841 186 876	ΤΕ.
cu31924087948174_0107.png	120 900 188 935	ΑΓ.
cu31924087948174_0107.png	131 1031 187 1054	ΤΕ.
cu31924087948174_0107.png	543 82 864 118	ΣΟΦΟΚΛΕΟΥΣ
cu31924087948174_0107.png	220 184 1033 232	ξυρεῖ γὰρ ἐν χρῷ τοῦτο, μὴ χαίρειν τινά.
cu31924087948174_0107.png	220 244 957 292	τί μʼ αὖ τάλαιναν, ἀρτίως πεπαυμένην
cu31924087948174_0107.png	221 304 904 351	κακῶν ἀτρύτων, ἐξ ἕδρας ἀνίστατε ;
cu31924087948174_0107.png	220 363 956 409	τοῦδʼ εἰσάκουε τἀνδρός, ὡς ἥκει φέρων
cu31924087948174_0107.png	221 420 922 469	Αἴαντος ἡμῖν πρᾶξιν ἣν ἤλγησʼ ἐγώ.
cu31924087948174_0107.png	219 482 1001 531	οἴμοι, τί φῄς, ὤνθρωπε; μῶν ὀλώλαμεν;
cu31924087948174_0107.png	221 539 1013 587	οὐκ οἶδα τὴν σὴν πρᾶξιν, Αἴαντος δʼ ὅτι,
cu31924087948174_0107.png	223 601 911 647	θυραῖος εἴπερ ἐστίν, οὐ θαρσῶ πέρι.
cu31924087948174_0107.png	222 659 1010 706	καὶ μὴν θυραῖος, ὥστε μ’ ὠδίνειν τί φῄς.
cu31924087948174_0107.png	221 721 840 765	ἐκεῖνον εἴργειν Τεῦκρος ἐξεφίεται
cu31924087948174_0107.png	221 779 911 825	σκηνῆς ὕπαυλον μηδʼ ἀφιέναι μόνον.
cu31924087948174_0107.png	220 837 1024 884	ποῦ δʼ ἐστὶ Τεῦκρος, κἀπὶ τῷ λέγει τάδε ;
cu31924087948174_0107.png	222 897 932 943	πάρεστʼ ἐκεῖνος ἄρτι· τήνδε δʼ ἔξοδον
cu31924087948174_0107.png	223 958 838 1003	ὀλεθρίαν Αἴαντος ἐλπίζει φέρειν.
cu31924087948174_0107.png	221 1015 1022 1061	οἴμοι τάλαινα, τοῦ ποτʼ ἀνθρώπων μαθών :
cu31924087948174_0107.png	120 1074 927 1120	ΑΓ. τοῦ Θεστορείου μάντεως, καθʼ ἡμέραν
cu31924087948174_0107.png	1225 430 1280 461	790
cu31924087948174_0107.png	1223 729 1276 760	795
cu31924087948174_0107.png	1220 1022 1275 1049	800
cu31924087948174_0107.png	154 1162 1276 1199	789. ὡς] ὃσ LM. ὡσ AC7 Vat. ac M2. 791. ὤνθρωπε] ἄνθρωπε LΓ. ὦνθρωπε
cu31924087948174_0107.png	120 1196 1277 1234	CA. 794 μʼ ὠδίνειν] κʼ, ὠδίνειν L. μ’ ὠδίνειν CA. 796. ἀφιέναι] ἀ(μ)φιέ-
cu31924087948174_0107.png	119 1229 1275 1263	ναι L. ἀφιέναι A. 799. ἐλπίζει φέρειν] ἐλπίζειν φέρειν A. 800. μαθών]
cu31924087948174_0107.png	118 1264 278 1288	ω from o L.
cu31924087948174_0107.png	121 1338 1275 1373	ἐκτὸς ὄντα πημάτων τὰ δείνʼ ὁρᾶν : O. T. in his reply calmly distinguishes be-
cu31924087948174_0107.png	723 1373 899 1405	tween them.
cu31924087948174_0107.png	121 1372 480 1403	503, πρὶν ἴδοιμʼ ὀρθὸν ἔπος.
cu31924087948174_0107.png	156 1405 1275 1437	786. ‘This cutteth to the quick, 792. Αἴαντος] The genitive is at
cu31924087948174_0107.png	121 1438 1278 1473	and is not a thing to rejoice at.’ For first put vaguely, as in continuation of
cu31924087948174_0107.png	121 1472 1274 1505	the negative expression, μὴ χαίρειν, cp. the possessive σήν, but a construction
cu31924087948174_0107.png	121 1505 1275 1539	Eur. Med. 136, οὐδὲ συνήδομαι, ὦ γύναι, is afterwards supplied for it by the
cu31924087948174_0107.png	120 1537 957 1571	ἄλγεσι δώματος; and, for ἐν χρῷ, Hdt. addition of πέρι.
cu31924087948174_0107.png	120 1571 1275 1605	4. 175, τὸ μὲν μέσον τῶν τριχῶν ἀνιέντες 794. ὥστε.. φῄς] ‘So that I am in
cu31924087948174_0107.png	120 1602 1274 1639	αὔξεσθαι, τὰ δὲ ἔνθεν καὶ ἔνθεν κείροντες travail to know your meaning.’ Cp.
cu31924087948174_0107.png	122 1635 1275 1673	ἐν χροΐ. Tecmessa now comes forth O. T. 73, 4, καί μʼ ἦμαρ ἤδη ξυμμετρού-
cu31924087948174_0107.png	120 1668 337 1702	with Eurysaces.
cu31924087948174_0107.png	724 1670 1156 1703	μένον χρόνῳ | λυπεῖ τί πράσσει.
cu31924087948174_0107.png	157 1701 1274 1737	787. ἀρτίως] Since the apparent 795. ἐξεφίεται] ‘Expressly orders.’
cu31924087948174_0107.png	122 1733 582 1768	change of mind in Ajax, l. 692.
cu31924087948174_0107.png	724 1734 1135 1773	See Essay on L. § 55. p. 101.
cu31924087948174_0107.png	157 1766 1275 1803	788. κακῶν ἀτρύτων] ‘Incessant 796. σκηνῆς ὕπαυλον] ‘Confined
cu31924087948174_0107.png	122 1799 1276 1836	evils.’ So ἀτειρεῖ .. ἀγαθῷ, Pind. Ol. 2. within the tent.’ ὕπαυλος occurs only here.
cu31924087948174_0107.png	759 1835 1276 1868	797. ἐπὶ τῷ] ‘Why?’ The answer
cu31924087948174_0107.png	123 1832 404 1866	59. ‘unfailing good.’
cu31924087948174_0107.png	155 1864 1276 1901	ἐξ ἕδρας] She has been sitting quiet shows that the meaning is rather ‘ For
cu31924087948174_0107.png	119 1898 431 1929	in the hut since l. 692.
cu31924087948174_0107.png	724 1900 1276 1928	what reason ?’ than ‘With what in-
cu31924087948174_0107.png	158 1931 850 1966	790. ἥν] E. on L. § 16. p. 23, 2 a. tention?’
cu31924087948174_0107.png	154 1964 1276 2001	ἤλγησʼ ἐγώ] For the aorist, see 798, 9. τήνδε.. φέρειν] ‘And he is
cu31924087948174_0107.png	122 1997 1277 2034	Essay on L. § 32. pp. 55, 6; and cp. hoping to convey intelligence that it is
cu31924087948174_0107.png	121 2030 258 2066	supr. 693.
cu31924087948174_0107.png	723 2031 1277 2065	fatal for Ajax to go forth as he has now
cu31924087948174_0107.png	157 2063 805 2096	791. μῶν ὀλώλαμεν ;] ‘Are we then done.’
cu31924087948174_0107.png	122 2096 1277 2135	undone?’ Tecmessa (cp. supr. 269) 801, 2. καθʼ ἡμέραν .. φέρει] ‘This
cu31924087948174_0107.png	122 2129 1279 2163	passionately assumes that her fate and very day, in which he intimates that
cu31924087948174_0107.png	121 2161 1175 2195	that of Ajax are one. The messenger life or death is in store for him.’
cu31924087948174_0051.png	117 100 158 132	18
cu31924087948174_0051.png	533 88 847 128	ΣΟΦΟΚΛΕΟΥΣ
cu31924087948174_0051.png	114 187 1001 242	ΟΔ. φρονοῦντα γάρ νιν οὐκ ἂν ἐξέστην ὄκνῳ.
cu31924087948174_0051.png	113 247 983 298	ΑΘ. ἀλλ’ οὐδὲ νῦν σε μὴ παρόντ’ ἴδῃ πέλας.
cu31924087948174_0051.png	116 304 1017 359	ΟΔ. πῶς, εἴπερ ὀφθαλμοῖς γε τοῖς αὐτοῖς ὁρᾷ;
cu31924087948174_0051.png	114 366 936 417	ΑΘ. ἐγὼ σκοτώσω βλέφαρα καὶ δεδορκότα.
cu31924087948174_0051.png	117 426 921 476	ΟΔ. γένοιτο μέντἂν πᾶν θεοῦ τεχνωμένου.
cu31924087948174_0051.png	115 484 989 534	ΑΘ. σίγα νυν ἐστὼς καὶ μέν’ ὡς κυρεῖς ἔχων.
cu31924087948174_0051.png	117 543 1024 594	ΟΔ. μένοιμ’ ἄν· ἤθελον δ’ ἂν ἐκτὸς ὢν τυχεῖν.
cu31924087948174_0051.png	116 605 941 651	ΑΘ. ὦ οὗτος, Αἴας, δεύτερόν σε προσκαλῶ.
cu31924087948174_0051.png	216 663 978 709	τί βαιὸν οὕτως ἐντρέπει τῆς συμμάχου;
cu31924087948174_0051.png	630 774 751 810	ΑΙΑΣ.
cu31924087948174_0051.png	217 843 975 893	ὦ χαῖρ’ Ἀθάνα, χαῖρε Διογενὲς τέκνον,
cu31924087948174_0051.png	218 900 1006 950	ὡς εὖ παρέστης· καί σε παγχρύσοις ἐγὼ
cu31924087948174_0051.png	220 963 1005 1011	στέψω λαφύροις τῆσδε τῆς ἄγρας χάριν.
cu31924087948174_0051.png	119 1022 960 1067	ΑΘ. καλῶς ἔλεξας. ἀλλ’ ἐκεῖνό μοι φράσον,
cu31924087948174_0051.png	223 1078 1005 1129	ἔβαψας ἔγχος εὖ πρὸς Ἀργείων στρατῷ;
cu31924087948174_0051.png	214 1199 1185 1236	89. Αἴας] αἶαν Γ Pal.c 95. στρατῷ] γρ. στρατὸν L2. στρατὸν M.
cu31924087948174_0051.png	120 1298 673 1329	the former (I), but it makes better sense
cu31924087948174_0051.png	121 1332 674 1364	to join the adverb here with the whole
cu31924087948174_0051.png	120 1363 674 1398	expression ; i.e. not, ‘You shrink from
cu31924087948174_0051.png	122 1398 674 1431	seeing a man who is clearly insane,’ but,
cu31924087948174_0051.png	123 1430 674 1465	‘You shrink from seeing plainly a man’s
cu31924087948174_0051.png	120 1463 671 1495	madness.’ Cp. infr. 229, περίφαντος.
cu31924087948174_0051.png	120 1496 673 1531	The same meaning may be obtained,
cu31924087948174_0051.png	121 1530 675 1561	however, by supposing the adverb in
cu31924087948174_0051.png	123 1563 674 1598	(I) to be used proleptically, (3) ‘You
cu31924087948174_0051.png	124 1595 673 1626	shrink from seeing a man’s madness
cu31924087948174_0051.png	125 1627 329 1658	clearly shown.’
cu31924087948174_0051.png	157 1659 676 1693	84. ὁφθαλμοῖς γε] γε adds emphasis;
cu31924087948174_0051.png	123 1693 677 1737	i.e. though his mind is alienated, he
cu31924087948174_0051.png	125 1725 554 1761	surely has not changed eyes.
cu31924087948174_0051.png	159 1759 676 1796	85. καὶ δεδορκότα] καὶ =καίπερ. Cp.
cu31924087948174_0051.png	125 1790 677 1827	Pind. Ol. 7. 55, αἱ δὲ φρενῶν ταραχαὶ
cu31924087948174_0051.png	125 1825 446 1857	παρέπλαγξαν καὶ σοφόν.
cu31924087948174_0051.png	159 1856 676 1889	86. μέντἄν] ‘Well, after all.’ μέντοι
cu31924087948174_0051.png	125 1889 678 1927	admits and enforces the correcting
cu31924087948174_0051.png	125 1923 678 1957	statement, which it sets over against
cu31924087948174_0051.png	125 1956 679 1993	that which is corrected, viz. l. 84. For
cu31924087948174_0051.png	125 1988 677 2025	γένοιτ’ ἂν .. πὰν, cp. Hdt. 4. 195, εἴη
cu31924087948174_0051.png	126 2021 254 2047	δ’ ἂν πᾶν.
cu31924087948174_0051.png	161 2055 678 2092	88. μένοιμ’ ἄν] ‘I shall have to stay.’
cu31924087948174_0051.png	162 2088 678 2122	ἐκτός] ‘Out of the way,’ as in ἐκτὸς
cu31924087948174_0051.png	128 2120 679 2154	κλαυμάτων, πημάτων (‘ out of harm’s
cu31924087948174_0051.png	128 2154 500 2184	way’). See L. and S. s. v.
cu31924087948174_0051.png	1237 363 1274 398	85
cu31924087948174_0051.png	1238 669 1277 696	90
cu31924087948174_0051.png	1241 1088 1277 1118	95
cu31924087948174_0051.png	760 1296 1280 1331	90. Athena affects to rally Ajax for
cu31924087948174_0051.png	726 1331 1280 1364	disregarding her help on this occasion,
cu31924087948174_0051.png	727 1363 1279 1395	as he had before scornfully rejected it.
cu31924087948174_0051.png	727 1396 1280 1432	Cp. infr. 774, 5. This helps to bring
cu31924087948174_0051.png	727 1430 1280 1455	out his unconsciousness of her dis-
cu31924087948174_0051.png	727 1465 905 1497	pleasure.
cu31924087948174_0051.png	760 1496 1121 1531	τῆς συμμάχου] Cp. l. 60.
cu31924087948174_0051.png	761 1529 1281 1562	91 foll. Ajax enters with the scourge
cu31924087948174_0051.png	728 1562 1282 1596	in his hand. It is from this scene that
cu31924087948174_0051.png	729 1596 1283 1628	the play takes its name of Aἴας μαστι-
cu31924087948174_0051.png	728 1627 1283 1664	γοφόρος. Ll. 91-3 may be contrasted
cu31924087948174_0051.png	729 1661 1282 1693	with 176 foll. Ajax is not by nature
cu31924087948174_0051.png	729 1694 1284 1727	impious, although in the pride of his
cu31924087948174_0051.png	729 1727 1283 1760	youth he may have been guilty of im-
cu31924087948174_0051.png	729 1760 1284 1793	piety; but he speaks to the goddess with
cu31924087948174_0051.png	729 1793 1284 1829	the blunt familiarity of a comrade in
cu31924087948174_0051.png	730 1827 1283 1862	arms. καί in l. 92 has an encouraging,
cu31924087948174_0051.png	730 1861 1098 1895	almost patronizing, sound.
cu31924087948174_0051.png	764 1893 1284 1929	93. στέψω] ‘I will grace’ or ‘hon-
cu31924087948174_0051.png	731 1927 866 1961	our’ thee.
cu31924087948174_0051.png	745 1960 1285 1994	94. ἐκεῖνο] ‘That other thing.’ For a
cu31924087948174_0051.png	730 1992 1287 2025	similar emphatic use of the pronoun (with
cu31924087948174_0051.png	730 2025 1280 2061	comic exaggeration), cp. Aristoph. Nub.
cu31924087948174_0051.png	730 2058 1283 2094	655-7, οὐ γάρ, ᾠζυρέ, | τούτων ἐπιθυμῶ
cu31924087948174_0051.png	729 2092 1282 2126	μανθάνειν οὐδέν. ΣΩ. τί δαί; | ΣΤ. ἐκεῖν’
cu31924087948174_0051.png	731 2124 1124 2157	ἐκεῖνο, τὸν ἀδικώτερον λόγον.
