bsb10234118_0027.png	315 176 923 213	ΑΙΑΣ ΜΑΣΤΙΓΟΦΟΡΟΣ.
bsb10234118_0027.png	486 266 777 297	ΟΔΥΣΣΕΥΣ.
bsb10234118_0027.png	189 322 1079 377	Φρονοῦντα γάρ νιν οὐκ ἂν ἐξέστην ὄκνῳ.
bsb10234118_0027.png	525 407 734 438	ΑΘΗΝΑ.
bsb10234118_0027.png	185 461 1042 519	’Αλλ’ οὐδὲ νῦν σε μὴ παρόντ’ ἴδῃ πέλας.
bsb10234118_0027.png	390 537 772 595	ΟΔΥΣΣΕΥΣ.
bsb10234118_0027.png	187 605 1168 669	Πῶς, εἴπερ ὀφθαλμοῖς γε τοῖς αὐτοῖς ὁρᾷ;
bsb10234118_0027.png	524 670 722 738	ΑΘΗΝΑ.
bsb10234118_0027.png	186 744 1173 807	Ἐγὼ σκοτώσω βλέφαρα καὶ δεδορκότα. 85
bsb10234118_0027.png	476 821 877 876	ΟΔΥΣΣΕΥΣ.
bsb10234118_0027.png	187 887 1021 937	Γένοιτο μέντ’ ἄν πᾶν, θεοῦ τεχνωμένου.
bsb10234118_0027.png	420 973 727 1010	ΑΘΗΝΑ.
bsb10234118_0027.png	187 1026 1025 1091	Σίγα νυν ἑστὼς καὶ μέν’ ὡς κυρεῖς ἔχων.
bsb10234118_0027.png	481 1112 771 1145	ΟΔΥΣΣΕΥΣ.
bsb10234118_0027.png	187 1168 1069 1223	Μένοιμ’ ἄν· ἤθελον δ’ ἂν ἐκτὸς ὢν τυχεῖν.
bsb10234118_0027.png	481 1255 798 1307	ΑΘΗΝΑ.
bsb10234118_0027.png	178 1307 1080 1370	Ὦ οὗτος, Αἴας, δεύτερόν σε προςκαλῶ.
bsb10234118_0027.png	183 1368 1171 1422	τί βαιὸν οὕτως ἐντρέπει τῆς ξυμμάχου; 90
bsb10234118_0027.png	544 1456 755 1508	ΑΙΑΣ.
bsb10234118_0027.png	119 1498 1064 1568	Ὦ χαῖρ’, Ἀθάνα, χαῖρε Διογενὲς τέκνον,
bsb10234118_0027.png	186 1568 1008 1628	ὡς εὖ παρέστης· καί σε παγχρύσοις ἐγὼ
bsb10234118_0027.png	185 1628 1016 1691	στέψω λαφύροις τῆςδε τῆς ἄγρας χάριν.
bsb10234118_0027.png	521 1715 823 1766	ΑΘΗΝΑ.
bsb10234118_0027.png	183 1767 1062 1831	Καλῶς ἔλεξας· ἀλλ’ ἐκεῖνό μοι φράσον,
bsb10234118_0027.png	183 1828 1171 1884	ἔβαψας ἔγχος εὖ πρὸς Ἀργείων στρατῷ; 95
bsb10234118_0027.png	545 1917 699 1964	ΑΙΑΣ.
bsb10234118_0027.png	182 1967 1138 2025	Κόμπος πάρεστι κοὐκ ἀπαρνοῦμαι τὸ μή.
bsb10234118_0027.png	527 2050 731 2081	ΑΘΗΝΑ.
bsb10234118_0027.png	181 2104 1026 2160	Ἦ καὶ πρὸς Ἀτρείδαισιν ᾔχμασας χέρα;
bsb10234118_0024.png	248 172 358 209	10
bsb10234118_0024.png	263 264 327 295	20
bsb10234118_0024.png	266 563 312 596	25
bsb10234118_0024.png	268 864 317 895	30
bsb10234118_0024.png	561 167 1052 203	ΣΟΦΟΚΛΕΟΥΣ
bsb10234118_0024.png	364 253 1172 317	κεῖνον γὰρ, οὐδέν’ ἄλλον, ἰχνεύω πάλαι.
bsb10234118_0024.png	366 315 1184 376	νυκτὸς γὰρ ἡμᾶς τῆςδε πρᾶγος ἄσκοπον
bsb10234118_0024.png	365 372 1098 433	ἔχει περάνας, εἴπερ εἴργασται τάδε.
bsb10234118_0024.png	364 432 1154 495	ἴσμεν γὰρ οὐδὲν τρανὲς ἀλλ’ ἀλώμεθα.
bsb10234118_0024.png	366 490 1116 546	κἀγὼ θελοντὴς τῷδ’ ὑπεζύγην πόνῳ.
bsb10234118_0024.png	364 552 1095 613	ἐφθαρμένας γὰρ ἀρτίως εὑρίσκομεν
bsb10234118_0024.png	364 613 1073 673	λείας ἁπάσας καὶ κατηναρισμένας
bsb10234118_0024.png	367 669 1157 724	ἐκ χειρὸς, αὐτοῖς ποιμνίων ἐπιστάταις.
bsb10234118_0024.png	366 733 1151 792	τήνδ’ οὖν ἐκείνῳ πᾶς τις αἰτίαν νέμει.
bsb10234118_0024.png	367 787 1176 843	καὶ μοί τις ὀπτὴρ αὐτὸν εἰςιδὼν μόνον
bsb10234118_0024.png	370 850 1197 912	πηδῶντα πεδία σὺν νεοῤῥάντῳ ξίφει,
bsb10234118_0024.png	370 910 1233 975	φράζει τε κἀδήλωσεν· εὐθέως δ’ ἐγὼ
bsb10234118_0024.png	369 969 1241 1023	κατ’ ἴχνος ᾄσσω· καὶ τὰ μὲν σημαίνομαι,
bsb10234118_0024.png	365 1030 1285 1091	τὰ δʼ ἐκπέπληγμαι, κοὐκ ἔχω μαθεῖν ὅτου
bsb10234118_0024.png	185 1085 1362 1200	35 καιρὸν δ’ ἐφήκεις· πάντα γὰρ, τά τ’ οὖν πάρος, τά τ’ εἰςέπειτα, σῇ κυβερνῶμαι χερί.
bsb10234118_0024.png	701 1242 913 1276	ΑΘΗΝΑ.
bsb10234118_0024.png	362 1290 1239 1360	Ἔγνων, Ὀδυσσεῦ, καὶ πάλαι φύλαξ ἔβην
bsb10234118_0024.png	368 1357 1070 1413	τῇ σῇ πρόθυμος εἰς ὁδὸν κυνηγίᾳ.
bsb10234118_0024.png	583 1435 959 1490	ΟΔΥΣΣΕΥΣ.
bsb10234118_0024.png	377 1509 1246 1565	Ἦ καὶ, φίλη δέσποινα, πρὸς καιρὸν πονῶ;
bsb10234118_0024.png	707 1606 949 1652	ΑΘΗΝΑ.
bsb10234118_0024.png	311 1656 1233 1715	Ὡς ἔστιν ἀνδρὸς τοῦδε τἄργα ταῦτά σοι.
bsb10234118_0024.png	604 1754 952 1785	ΟΔΥΣΣΕΥΣ.
bsb10234118_0024.png	269 1809 1207 1869	40 Καὶ πρὸς τί δυςλόγιστον ὧδ’ ᾖξεν χέρα;
bsb10234118_0024.png	707 1895 910 1926	ΑΘΗΝΑ.
bsb10234118_0024.png	370 1954 1252 2008	Χόλῳ βαρυνθεὶς τῶν Ἀχιλλείων ὅπλων.
bsb10234118_0024.png	666 2040 960 2088	ΟΔΥΣΣΕΥΣ.
bsb10234118_0024.png	376 2090 1248 2150	Τί δῆτα ποίμναις τήνδ’ ἐπεμπίπτει βάσιν;
bsb10234118_0519.png	292 195 1026 230	RERUM ET VOCABULORUM.
bsb10234118_0519.png	143 280 458 318	φοιβάζεσθαι v. 332.
bsb10234118_0519.png	0 318 574 369	φορὰν μίαν semel p. 212.
bsb10234118_0519.png	141 366 439 404	φρενομόρως v. 626.
bsb10234118_0519.png	2 406 685 447	φρονεῖν μέγα, μεγάλα etc. v. 1120.
bsb10234118_0519.png	141 452 460 490	φρούδου v. 264.
bsb10234118_0519.png	142 495 511 532	φρύττειν intrans. v. 269.
bsb10234118_0519.png	141 538 544 575	φυγαδεύειν neutral. p. 385.
bsb10234118_0519.png	0 578 469 618	φύρω, άω p. 182.
bsb10234118_0519.png	140 624 548 664	φύτιος p. 113 v. Add.
bsb10234118_0519.png	0 667 436 704	φύω intrans. p. 90.
bsb10234118_0519.png	135 709 531 754	φωνεῖν construct. v. 1047.
bsb10234118_0519.png	322 756 490 811	Χ. et Ψ.
bsb10234118_0519.png	722 280 1130 317	χηρῶσαι relinquere v. 987.
bsb10234118_0519.png	721 323 1018 366	χρᾷν transit. v. 40.
bsb10234118_0519.png	720 366 1141 409	χράομαι, κέχρησμαι p. 319.
bsb10234118_0519.png	720 409 1121 446	χρημοσύνη, χρησμ. v. 704.
bsb10234118_0519.png	718 452 1003 488	χρηστήρια v. 220.
bsb10234118_0519.png	1191 201 1265 238	505
bsb10234118_0519.png	719 497 1160 540	χρίω, χρείω, κέχριμαι p. 325.
bsb10234118_0519.png	719 535 1260 582	χρόνος πολὺς ἐξ οὗ pro diu v. 600.
bsb10234118_0519.png	720 582 1163 618	χρώννυμι, κέχρωσμαι p. 316.
bsb10234118_0519.png	720 625 930 662	χρῶ v. ἐγχρῶ.
bsb10234118_0519.png	720 668 1053 710	χῶσμα, χῶμα p. 316.
bsb10234118_0519.png	720 710 1079 752	ψαύω, ἐψαύσθη p. 322.
bsb10234118_0519.png	718 752 1179 790	ψεύδω, ἔψευμαι p. 323.
bsb10234118_0519.png	718 796 1262 838	ψευσθῆναι cum tribus casib. v. 177.
bsb10234118_0519.png	52 834 585 876	χάζειν sign. dupl. p. 91.
bsb10234118_0519.png	138 838 1262 920	χαίρω cum accus. person. v. 136.
bsb10234118_0519.png	0 922 404 959	χαρώνεια v. 110.
bsb10234118_0519.png	0 966 584 1008	χειμίη, χειμερία subst. p. 158.
bsb10234118_0519.png	734 924 901 974	p. 198.
bsb10234118_0519.png	0 1008 525 1053	χεὶρ πατροκτόνος p. 233.
bsb10234118_0519.png	721 1012 1188 1062	ζεῖν et compos. factit. p. 92.
bsb10234118_0519.png	138 1051 974 1094	χειρὸς ἔργα, ἐργασίαι v. 618. zeugma v. 1033.
bsb10234118_0519.png	0 1094 423 1130	χελιδόνειος p. 119.
bsb10234118_0519.png	976 963 1092 996	Ζ.
bsb10234118_0519.png	720 1097 1046 1136	ζῶμα, ζῶσμα p. 316.
bsb10234118_0519.png	433 1228 990 1284	Index II. scriptorum.
bsb10234118_0519.png	0 1316 471 1360	Aelianus p. 159. 252.
bsb10234118_0519.png	724 1310 1072 1363	Etym. M. p. 101. 362.
bsb10234118_0519.png	2 1355 518 1403	Aeschines p. 250. 337.
bsb10234118_0519.png	713 1370 1262 1407	Euripides p. 73. 74. 80. 87. 102.
bsb10234118_0519.png	0 1398 1263 1448	Aeschylus p. 73. 80. 103. 139. 151. 107. 151. 171. 197. 202. 252.
bsb10234118_0519.png	0 1451 684 1488	327. 331. 332. 339. 340. 344.
bsb10234118_0519.png	753 1448 1263 1491	321. 327. 339. 354. 375. 436.
bsb10234118_0519.png	0 1488 686 1535	350. 351. 352. 356. 400. 444.
bsb10234118_0519.png	137 1539 377 1576	Alcacus p. 463.
bsb10234118_0519.png	0 1571 684 1618	Anthol. Gr. p. 156. 159. 223. 258.
bsb10234118_0519.png	0 1613 506 1653	250. 251. 375. 376.
bsb10234118_0519.png	0 1657 476 1705	Appianus p. 342. 351.
bsb10234118_0519.png	0 1701 684 1747	Arcadius p. 144. 164. 166. 168.
bsb10234118_0519.png	172 1755 492 1783	170. 172. 405. 411.
bsb10234118_0519.png	137 1797 444 1834	Aristaenetus p. 448.
bsb10234118_0519.png	0 1823 684 1877	Aristophanes p. 190. 204. 226. 354.
bsb10234118_0519.png	0 1883 439 1930	Artemidorus p. 359.
bsb10234118_0519.png	136 1925 468 1961	Athenaeus p. 87. 164.
bsb10234118_0519.png	139 1968 461 2005	Cornutus p. 191.
bsb10234118_0519.png	140 2010 538 2048	Demosthenes p. 109. 333.
bsb10234118_0519.png	0 2052 474 2091	Dio Chr. p. 110. 432.
bsb10234118_0519.png	140 2095 405 2133	Dio Cass. p. 485.
bsb10234118_0519.png	140 2136 392 2176	Diogenes p. 365.
bsb10234118_0519.png	175 2174 519 2213	Sophocl. Aiax. Ed. 2.
bsb10234118_0519.png	751 1491 1082 1526	448. 451. 469. 478.
bsb10234118_0519.png	718 1542 995 1578	Heliodorus p. 181.
bsb10234118_0519.png	715 1585 1095 1621	Herodianus p. 143. 170,
bsb10234118_0519.png	718 1627 1261 1663	Hesychius p. 110. 159. 169. 224.
bsb10234118_0519.png	752 1670 1261 1701	261. 314. 321. 361. 374. 391.
bsb10234118_0519.png	752 1713 1260 1744	396. 403. 408. 426. 443. 450.
bsb10234118_0519.png	717 1757 975 1792	Himerius p. 190.
bsb10234118_0519.png	718 1799 1058 1835	Homeri hymn. p. 179.
bsb10234118_0519.png	717 1842 1094 1879	Jamblichus p. 251. 252.
bsb10234118_0519.png	717 1886 1011 1921	Joh. Lydus p. 391.
bsb10234118_0519.png	717 1928 980 1964	Juvenalis p. 380.
bsb10234118_0519.png	716 1971 988 2007	Macrobius p. 179.
bsb10234118_0519.png	717 2014 1050 2050	Manetho p. 192. 319.
bsb10234118_0519.png	717 2057 1050 2093	Menander hist. p. 351.
bsb10234118_0519.png	717 2100 968 2137	Musaeus p. 340.
bsb10234118_0519.png	718 2142 1013 2181	Nonnus p. 86. 159.
bsb10234118_0519.png	1000 2184 1132 2216	33
bsb10234118_0116.png	243 168 347 211	102
bsb10234118_0116.png	558 172 1102 211	COMMENTARIUS
bsb10234118_0116.png	364 256 1382 307	V. 56. Κύκλῳ ῥαχίζων. Haec verba Suidas s. Ραχίζων
bsb10234118_0116.png	282 312 680 355	ex hoc loco excerpsit.
bsb10234118_0116.png	367 354 1463 414	V. 57. Αὐτόχειρ κτείνειν ἔχων. Schol. et La. γρά-
bsb10234118_0116.png	228 381 1470 465	φεται κτείνειν παρών. Si quid in antiquis libris variatum
bsb10234118_0116.png	287 458 1465 513	est, potius ἑλών quam παρών fuisse crediderim ; hoc qui ad-
bsb10234118_0116.png	286 513 1470 566	scripserunt primi, lectores admonere voluerunt similium loco-
bsb10234118_0116.png	286 564 1470 615	rum v. 1131. τοὺς θανόντας οὐκ ἐᾷς θάπτειν παρών, v.
bsb10234118_0116.png	289 601 1465 669	1384. οὐδ’ ἔτλης παρὼν ἐφυβρίσαι, ubi Reiskius imprudens
bsb10234118_0116.png	288 666 1470 720	in plagam incidit, non animadverso, participia παρών, μο-
bsb10234118_0116.png	289 714 1470 767	λών, ἔχων, ἰών, saepe φράσεως ἕνεκα addi atque ita ut tum
bsb10234118_0116.png	291 764 1457 816	inter se permutari tum plane omitti possint. Dehinc conje-
bsb10234118_0116.png	293 815 1467 871	cturam feci in Eur. Heracl. 416. καὶ νῦν πικρὸν ὢν συ-
bsb10234118_0116.png	291 870 1470 924	στάσεις ἂν εἰςίδοις scribendum esse καὶ νῦν παρὼν ἄν [nisi
bsb10234118_0116.png	292 920 1470 976	potius e codd. lectione πικράς colligendum est illum πυκνάς
bsb10234118_0116.png	286 973 1470 1021	scripsisse]. Quemadmodum Scholiastae Homerici sedulo ad-
bsb10234118_0116.png	292 1027 1387 1071	notare solent, si quid poeta diversis locis pariter enuntiavit,
bsb10234118_0116.png	292 1076 1466 1126	ita credibile est, quod v. 312. legitur ἐμοὶ τὰ δείν’ ἐπηπεί-
bsb10234118_0116.png	293 1126 1470 1179	λησ’ ἔπη, similitudinis ergo adscriptum esse versui 650. τὰ
bsb10234118_0116.png	294 1178 1470 1226	δείν’ ἐκαρτέρουν τότε, et hoc jam pro diversa afferri lectio-
bsb10234118_0116.png	273 1231 1463 1281	ne. Aliud hujus rei exemplum praebet cod. Jen. v. 327.
bsb10234118_0116.png	296 1281 1466 1321	Inter ceteras autem lectiones a Scholiastis commemoratas nulla
bsb10234118_0116.png	297 1334 1470 1383	est, quae vulgatae praeferri mereatur, una v. 1056. ὡς ἐλοι-
bsb10234118_0116.png	297 1383 1470 1430	δόρει ex mendosa scriptura profecta, pleraeque aut interpre-
bsb10234118_0116.png	297 1437 1470 1481	tandi causa adscriptae v. ad v. 616. aut similes iis, quas
bsb10234118_0116.png	300 1487 1470 1538	Critici male seduli fabricari solent nullo corruptae scripturae
bsb10234118_0116.png	298 1537 1470 1589	indicio sed sola mutationis facilitate allecti ; quod genus v.
bsb10234118_0116.png	298 1588 1468 1642	404. ποῖ τις οὖν τράπῃ affertur pro φύγῃ, v. 564. φρου-
bsb10234118_0116.png	298 1638 1468 1687	ρὰν ἔχων pro θήραν, v. 582. τραύματι pro πήματι, ν.
bsb10234118_0116.png	289 1691 1470 1739	1104. ἢ καὶ τοῦδε σοί pro ἤ καὶ τῷδε σέ, cujusmodi emen-
bsb10234118_0116.png	299 1743 1470 1791	dationes scilicet saepe nobis aliena verba transscribentibus
bsb10234118_0116.png	299 1794 1470 1841	excidunt perinvitis. Illorum certe nihil est, quod e Didymi
bsb10234118_0116.png	298 1846 1388 1890	vel Pii vel Praxiphanis exemplaribus haustum esse praestem.
bsb10234118_0116.png	297 1895 1391 1942	ED. PR. Hujus judicii nostri ab Osanno impugnati probatio
bsb10234118_0116.png	296 1947 1470 1999	potentissima, quod subsequuti editores ne unam quidem illa-
bsb10234118_0116.png	296 1998 1470 2054	rum lectionum susceperunt praeter βλέποντας v. 273. ab
bsb10234118_0116.png	295 2048 1229 2103	Hermanno adscitum sed rejectum rursus a Dindorfio.
bsb10234118_0116.png	380 2099 1470 2152	V. 58. Ὅτ’ ἄλλοτ’ ἄλλον, ἐμπιτνῶν, στρατηλατῶν.
bsb10234118_0090.png	252 182 298 218	76
bsb10234118_0090.png	615 170 1036 217	COMMENTARIUS
bsb10234118_0090.png	179 254 1348 307	ἀπ’ ἐκείνων ἐπὶ τὰ πάθη μετάβασις Comm. III. in Prorrh.
bsb10234118_0090.png	252 305 1350 357	I. T. XVI. p. 731. et 718. eamque κακόζηλον ἑρμηνείαν
bsb10234118_0090.png	252 355 1351 411	plus semel exprobrat Prorrheticorum scriptori, αἱ γὰρ ἀνα-
bsb10234118_0090.png	253 406 1351 463	δρομαὶ, φησίν, ἐμέσασαί τε καὶ παρενεχθεῖσαι, δέον αὐτοὺς
bsb10234118_0090.png	252 460 1350 517	ἐμέσαντας καὶ παρενεχθέντας εἰπεῖν p. 674. Quis igitur
bsb10234118_0090.png	252 514 1007 567	rectum discernet ubi inter curva subit ?
bsb10234118_0090.png	339 571 1348 622	V. 9. Ἔνδον γὰρ ἀνήρ - Olim adnotavi articulum cum
bsb10234118_0090.png	252 620 1349 676	ῑ et ῡ non colliquescere praeterquam in θοἰμάτιον et θοὔ-
bsb10234118_0090.png	253 672 1349 734	δατος Aristoph. Lys. 370. αἱρώμεθ’ ὑμεῖς θοὔδατος τὴν
bsb10234118_0090.png	252 726 1349 775	κάλπιν, neque id in τοὐδάφους mutandum esse, licet ita di-
bsb10234118_0090.png	252 776 1345 835	xerit Sophocles χθονὸς ἀείρας et Oppian. Cyn. IV. 186.
bsb10234118_0090.png	253 826 1349 880	ἀειρόμενος χθονός, eodemque revocavi θοὔδατος Amipsiae
bsb10234118_0090.png	253 880 1349 927	Athen. XV. 667. F. θὔδωρ VI. 268. A. Alibi crasis non
bsb10234118_0090.png	256 931 1346 981	exprimitur, ut ὁ ὑπέρ bisyllabum in Herodis versu Stob.
bsb10234118_0090.png	255 981 1490 1034	Flor. CXV. 593, 30. τὸ ὑπέρθυρον quatuor syllabarum in
bsb10234118_0090.png	256 1033 1490 1086	cantico Chelidonistarum Athen. VIII. 360. C. ubi nunc θὐ-
bsb10234118_0090.png	229 1082 1486 1140	πέρθυρον scribitur. - Sequentia ἄρτι τυγχάνει Fischerus
bsb10234118_0090.png	229 1135 1347 1183	ad Well. T. IV. 8. cum participio στάζων comprehendi vult.
bsb10234118_0090.png	255 1191 683 1240	Necquidquam. ED. PR.
bsb10234118_0090.png	342 1238 1380 1289	V. 10. Κάρα στάζων ἱδρῶτι - idem est quod ἱδρῶτι
bsb10234118_0090.png	257 1286 1490 1340	ῥεόμενος Philostr. V. Soph. I. 25, 541. *) vel ῥαινόμενος
bsb10234118_0090.png	258 1339 1490 1392	Synes. Dion. p. 53. sed Eur. Iph. T. 108. στάζων ἀφρῷ
bsb10234118_0090.png	255 1392 1353 1445	γένειον idem significare videtur quod Herc. 934. ἀφρὸν κα-
bsb10234118_0090.png	256 1432 1490 1544	τέστζε γενειάδος. Subsequentia καί σ’ οὐδὲν - ἔργον ἐστίν affert Moschopulus Sched. p. 158.
bsb10234118_0090.png	342 1551 1352 1608	V. 14. 15. Ὦ φθέγμ’ Ἀθάνας - κἄν ἄποπτος ᾖς,
bsb10234118_0090.png	257 1606 1351 1654	ὅμως φώνημ’ ἀκούω. Prioris versus mentionem habet Li-
bsb10234118_0090.png	257 1658 1350 1711	banius Presb. ad Julian. p. 460. T. I. τὸ Σοφοκλέους λέγειν,
bsb10234118_0090.png	260 1698 1490 1760	ὦ φθέγμ’ Ἀθήνης· altero utuntur Suidas s. Ἄποπτος et
bsb10234118_0090.png	257 1760 1376 1813	Eustathius p. 198, 28. p. 611, 14. Scholiastes romanus :
bsb10234118_0090.png	260 1809 1352 1860	φθέγμα εἶπεν ὡς μὴ θεασάμενος αὐτήν· δῆλον γὰρ ἐκ τοῦ
bsb10234118_0090.png	329 1924 1490 1977	*) Ρέομαι neque barbarum esse, ut Matthiae putabat ad Hel. 1602.
bsb10234118_0090.png	259 1984 1354 2019	neque tam rarum quam Heldio videtur ad Plut. Timol. p. 384. demonstrant
bsb10234118_0090.png	260 2026 1352 2062	exempla Hippocr. Mul. I. 634. T. II. de Nat. Mul. p. 534. Plutarch. V.
bsb10234118_0090.png	261 2066 1352 2108	Galb. c. XXVII. Appian. Civ. II. 21, 201. Lucian. Gymn §. 25. Callistr.
bsb10234118_0090.png	262 2108 1184 2148	Statt. VIII. 900. Heliod. III. 4, 113. Polyaen. Strat. IV. 2, 6.
bsb10234118_0042.png	192 167 297 209	28
bsb10234118_0042.png	520 159 1044 204	ΣΟΦΟΚΛΕΟΥΣ
bsb10234118_0042.png	254 251 1136 311	δίκην κατ’ ἄλλου φωτὸς ὧδ’ ἐψήφισαν.
bsb10234118_0042.png	252 309 1349 368	445 νῦν δ’ ἡ Διὸς γοργῶπις ἀδάματος θεὰ 450
bsb10234118_0042.png	356 368 1189 430	ἤδη μ’ ἐπ’ αὐτοῖς χεῖρ’ ἐπεντύνοντ’ ἐμὴν
bsb10234118_0042.png	352 429 1088 489	ἔσφηλεν, ἐμβαλοῦσα λυσσώδη νόσον,
bsb10234118_0042.png	356 489 1162 545	ὥστ’ ἐν τοιοῖςδε χεῖρας αἱμάξαι βοτοῖς·
bsb10234118_0042.png	305 548 1136 610	κεῖνοι δ’ ἐπεγγελῶσιν ἐκπεφευγότες,
bsb10234118_0042.png	255 609 1347 673	450 ἐμοῦ μὲν οὐχ ἑκόντος· εἰ δέ τις θεῶν 455
bsb10234118_0042.png	355 666 1305 730	βλάπτοι, φύγοι γ’ ἂν χω’ κακὸς τὸν κρείσσονα.
bsb10234118_0042.png	353 728 1242 790	καὶ νῦν τί χρὴ δρᾷν; ὅστις ἐμφανῶς θεοῖς
bsb10234118_0042.png	324 782 1248 849	ἐχθαίρομαι, μισεῖ δέ μ’ Ἑλλήνων στρατός·
bsb10234118_0042.png	356 843 1127 910	ἔχθει δὲ Τροία πᾶσα καὶ πεδία τάδε.
bsb10234118_0042.png	257 915 327 948	455
bsb10234118_0042.png	357 902 1347 960	πότερα πρὸς οἴκους, ναυλόχους λιπὼν ἕδρας, 460
bsb10234118_0042.png	358 964 1274 1023	μόνους τ’ Ἀτρείδας, πέλαγος Αἰγαῖον περῶ;
bsb10234118_0042.png	357 1023 1129 1083	καὶ ποῖον ὄμμα πατρὶ δηλώσω φανεὶς
bsb10234118_0042.png	363 1082 1249 1145	Τελαμῶνι; πῶς με τλήσεταί ποτ’ εἰςιδεῖν
bsb10234118_0042.png	356 1142 1198 1199	γυμνὸν φανέντα τῶν ἀριστείων ἄτερ
bsb10234118_0042.png	258 1199 1346 1259	460 ὧν αὐτὸς ἔσχε στέφανον εὐκλείας μέγαν; 465
bsb10234118_0042.png	359 1258 1246 1321	οὐκ ἔστι τοὖργον τλητόν· ἀλλὰ δῆτ’ ἰὼν
bsb10234118_0042.png	360 1315 1275 1378	πρὸς ἔρυμα Τρώων, ξυμπεσὼν μόνος μόνοις
bsb10234118_0042.png	358 1374 1246 1430	καὶ δρῶν τι χρηστὸν, εἶτα λοίσθιον θάνω;
bsb10234118_0042.png	360 1434 1249 1495	ἀλλ’ ὧδέ γ’ Ἀτρείδας ἂν εὐφράναιμί που.
bsb10234118_0042.png	1182 1497 1348 1530	470
bsb10234118_0042.png	259 1495 1071 1557	465 οὐκ ἔστι ταῦτα· πεῖρά τις ζητητέα
bsb10234118_0042.png	358 1555 1147 1617	τοιάδ’, ἀφ’ ἧς γέροντι δηλώσω πατρὶ,
bsb10234118_0042.png	359 1610 1275 1674	μή τοι φύσιν γ’ ἄσπλαγχνος ἐκ κείνου γεγώς.
bsb10234118_0042.png	360 1670 1287 1727	αἰσχρὸν γὰρ ἄνδρα τοῦ μακροῦ χρῄζειν βίου,
bsb10234118_0042.png	360 1730 1130 1784	κακοῖσιν ὅστις μηδὲν ἐξαλλάσσεται.
bsb10234118_0042.png	260 1786 1440 1844	470 τί γὰρ παρ’ ἦμαρ ἡμέρα τέρπειν ἔχει 475
bsb10234118_0042.png	359 1852 1184 1904	προςθεῖσα κἀναθεῖσα τοῦ γε κατθανεῖν ;
bsb10234118_0042.png	361 1906 1206 1965	οὐκ ἂν πριαίμην οὐδενὸς λόγου βροτὸν
bsb10234118_0042.png	361 1972 1096 2031	ὅστις κεναῖσιν ἐλπίσιν θερμαίνεται.
bsb10234118_0042.png	363 2029 1235 2089	ἀλλ’ ἢ καλῶς ζῇν ἢ καλῶς τεθνηκέναι
bsb10234118_0042.png	262 2084 1439 2141	475 τὸν εὐγενῆ χρή· πάντ’ ἀκήκοας λόγον 480
bsb10234118_0117.png	300 152 945 224	AD SOPH. AI. V. 56-60.
bsb10234118_0117.png	1084 172 1155 207	103
bsb10234118_0117.png	78 253 1155 308	Scholiastes : ὅτ’ ἄλλοτ’ ἄλλον ἀσυνδέτως εἴρηκεν. Aut ego
bsb10234118_0117.png	78 306 1154 350	non satis attendi aut hoc ὅτ’ ἄλλοτε pro ὁτὲ δέ vel ἄλλοτε
bsb10234118_0117.png	78 356 1152 409	δέ alibi non legitur, sed simile tamen quiddam ἐγίοτε δέχον-
bsb10234118_0117.png	77 408 1147 461	ται τὴν τῶν ἀγαθῶν ἔστιν ὅτε φύσιν Plat. Phileb. p. 32.
bsb10234118_0117.png	78 459 1147 512	D. Et τοῦτ’ ἄλλο Oed. T. 603. τοῦτ’ αὖθις Ant. 167. pro
bsb10234118_0117.png	69 510 1148 563	τοῦτο δέ valent. Scholiastes Rom. Ἐμπίπτων (sic) γρά-
bsb10234118_0117.png	77 563 1148 614	φεται ἐμπεσὼν ἤ ἐμπιτνῶν. Sed Schol. Laur. ἐμπίτνων
bsb10234118_0117.png	76 614 1145 667	γρ. ἐμπεσών. Codd. Γ. La. ἐμπίπτων γρ. ἐμπεσών. Ceteri
bsb10234118_0117.png	77 664 1149 719	ἐμπιτνῶν, nullus ἐμπιτνών, quod Dindorfius edidit, nedum
bsb10234118_0117.png	77 717 581 769	ἐμπίτνων. Tacet Elmslejus.
bsb10234118_0117.png	145 759 1144 815	V. 59. Φοιτῶντ’ ἄνδρα μανιάσιν νόσοις. Hunc ver-
bsb10234118_0117.png	76 817 1146 871	sum Hesychius exhibet sed interpolatum : φοιτῶντ’ ἄνδρα
bsb10234118_0117.png	75 870 1145 922	μανιάσι λύσσαις, λυσσήμασι· τὴν ἑδραίαν μανίαν φοῖτον
bsb10234118_0117.png	76 921 1145 978	ἔλεγον· τουτέστι τὸν μεθ’ ὁρμῆς μεμηνότα. Μανιάσιν
bsb10234118_0117.png	74 973 874 1023	λυσσήμασι adsutum est ex Eur. Or. 270.
bsb10234118_0117.png	142 1020 1179 1078	V. 60. Εἰςέβαλλον εἰς ἕρκη κακά. Schol. Laur. et
bsb10234118_0117.png	76 1073 1230 1123	cod. La. γράφεται ἐς ἐρινῦν κακήν. Sub hac lectione Wun-
bsb10234118_0117.png	74 1129 1148 1180	derus Advers. in Philoct. p. 56. suspicatur latere veriorem
bsb10234118_0117.png	74 1179 1232 1225	εἰς ἅρκυν κακήν. Equidem neutram a Sophocle profectam,
bsb10234118_0117.png	74 1231 1143 1277	sed illam, cui Erfurdtius patrocinatur, prorsus intolerabilem
bsb10234118_0117.png	74 1281 1143 1327	esse arbitror propter eas rationes, quas olim minus dilucide
bsb10234118_0117.png	74 1332 1143 1378	exposui. Etenim si Ajax aut aliquis e majoribus ejus caede
bsb10234118_0117.png	73 1383 1149 1427	se obstrinxisset nefaria, tum vero consequuta hoc facinus
bsb10234118_0117.png	72 1434 1143 1485	θεοβλάβεια proprie vereque potuisset a Furiarum repeti in-
bsb10234118_0117.png	73 1484 1146 1533	stinctu coeco, ut φρενῶν ἐριννύς Antig. 603. vocatur illa
bsb10234118_0117.png	73 1536 1141 1582	amentia, quae Oedipi familiam parricidio funestatam in perni-
bsb10234118_0117.png	74 1589 1142 1634	ciem agebat. Sed quum Ajax nihil tale in se admiserit, ne
bsb10234118_0117.png	74 1639 1141 1685	Quintus quidem V. 360. et 452. ejus insaniam Furiae in-
bsb10234118_0117.png	73 1689 1168 1736	scribit sed Lyssae sive Maniae, qua quum Aeschylus *) et
bsb10234118_0117.png	73 1742 1142 1787	Euripides ad pervertendas Penthei et Herculis mentes usi es-
bsb10234118_0117.png	73 1791 1143 1845	sent, Orpheus Arg. 872. Nonnus XXXI. 73. XLIV. 259.
bsb10234118_0117.png	128 1923 1146 1970	*) In Xantriis Fragm. II. pro κέντημα γλώσσης scribendum videtur
bsb10234118_0117.png	0 1957 1147 2012	λύσσης. Illo commode usus est Euripides Herc. 1288. γλώσσης πικροῖς
bsb10234118_0117.png	0 2012 1144 2055	κέντροισι κληδουχούμενοι, sive potius κληδονούμενοι. In Sophoclis versu,
bsb10234118_0117.png	9 2057 1149 2107	quem ad v. 125. producemus, λύσσης πικροῖς κέντροισιν ἠρεθισμένον,
bsb10234118_0117.png	9 2105 336 2138	convenit utrumque.
bsb10234118_0017.png	389 834 908 877	ΥΠΟΘΕΣΙΣ.
bsb10234118_0017.png	158 998 1154 1065	Τὸ δρᾶμα τῆς τρωϊκῆς ἐστι πραγματείας, ὥςπερ οἱ
bsb10234118_0017.png	95 1069 1154 1139	Ἀντηνορίδαι καὶ Αἰχμαλωτίδες καὶ Ἑλένης ἁρπαγὴ καὶ
bsb10234118_0017.png	94 1148 1153 1207	Μέμνων. Πεπτωκότος γὰρ ἐν τῇ μάχῃ τοῦ Ἀχιλλέως
bsb10234118_0017.png	95 1218 1152 1286	ἐδόκουν Αἴας τε καὶ Ὀδυσσεὺς ἐπ’ αὐτῷ πλέον τι
bsb10234118_0017.png	95 1293 1151 1361	ἀριστεύειν περὶ τὴν τοῦ σώματος κομιδήν· καὶ κρι-
bsb10234118_0017.png	93 1374 1150 1436	νομένων περὶ τῶν ὅπλων, κρατεῖ Ὀδυσσεὺς, ὅθεν ὁ
bsb10234118_0017.png	93 1447 1149 1511	Αἴας, τῆς κρίσεως μὴ τυχὼν, παρακεκίνηται καὶ διέ-
bsb10234118_0017.png	93 1513 1173 1580	φθαρται τὴν γνώμην, ὥστε ἐφαπτόμενος τῶν ποιμνίων
bsb10234118_0017.png	92 1594 1150 1661	δοκεῖν τοὺς Ἕλληνας διαχρήσασθαι, καὶ τὰ μὲν ἀνεῖλε
bsb10234118_0017.png	90 1669 1243 1731	τῶν τετραπόδων, τὰ δὲ δήσας ἀπάγει ἐπὶ τὴν σκηνὴν,
bsb10234118_0017.png	89 1744 1202 1803	ἐν οἷς ἐστι καὶ κριός τις ἔξοχος, ὃν ᾤετο εἶναι Ὀδυσ-
bsb10234118_0017.png	88 1819 1149 1885	σέα, ὃν δήσας ἐμαστίγωσεν, ὅθεν καὶ τῇ ἐπιγραφῇ
bsb10234118_0017.png	89 1892 1147 1962	πρόςκειται ὁ Μαστιγοφόρος, ἢ πρὸς ἀντιδιαστολὴν
bsb10234118_0017.png	63 1969 1149 2037	τοῦ Λοκροῦ. Δικαίαρχος δὲ Αἴαντος θάνατον ἐπι-
bsb10234118_0017.png	88 2041 1145 2101	γράφει· ἐν δὲ ταῖς διδασκαλίαις ψιλῶς Αἴας ἀνα-
bsb10234118_0017.png	89 2118 347 2169	γέγραπται.
bsb10234118_0023.png	332 557 919 599	ΣΟΦΟΚΛΕΟΥΣ
bsb10234118_0023.png	147 622 1070 671	ΑΙΑΣ ΜΑΣΤΙΓΟΦΟΡΟΣ.
bsb10234118_0023.png	199 774 943 822	ΑΘΗΝΑ. ΟΔΥΣΣΕΥΣ. ΑΙΑΣ.
bsb10234118_0023.png	456 855 725 893	ΑΘΗΝΑ.
bsb10234118_0023.png	183 923 965 986	Ἀεὶ μὲν, ὦ παῖ Λἀρτίου, δέδορκά σε
bsb10234118_0023.png	185 985 1044 1039	πεῖράν τιν’ ἐχθρῶν ἁρπάσαι θηρώμενον·
bsb10234118_0023.png	184 1047 1054 1099	καὶ νῦν ἐπὶ σκηναῖς σε ναυτικαῖς ὁρῶ
bsb10234118_0023.png	182 1103 878 1166	Αἴαντος, ἔνθα τάξιν ἐσχάτην ἔχει,
bsb10234118_0023.png	182 1162 933 1216	πάλαι κυνηγετοῦντα καὶ μετρούμενον
bsb10234118_0023.png	182 1225 953 1287	ἴχνη τὰ κείνου νεοχάραχθ’, ὅπως ἴδῃς
bsb10234118_0023.png	181 1285 1042 1338	εἴτ’ ἔνδον, εἴτ’ οὐκ ἔνδον· εὖ δέ σ’ ἐκφέρει
bsb10234118_0023.png	179 1344 948 1405	κυνὸς Λακαίνης ὥς τις εὔρινος βάσις.
bsb10234118_0023.png	181 1404 920 1463	ἔνδον γὰρ ἀνὴρ ἄρτι τυγχάνει κάρα
bsb10234118_0023.png	180 1462 940 1517	στάζων ἱδρῶτι καὶ χέρας ξιφοκτόνους.
bsb10234118_0023.png	179 1522 1042 1582	καί σ’ οὐδὲν εἴσω τῆςδε παπταίνειν πύλης
bsb10234118_0023.png	180 1581 968 1634	ἔτ’ ἔργον ἐστὶν, ἐννέπειν δ’ ὅτου χάριν
bsb10234118_0023.png	183 1643 1093 1708	σπουδὴν ἔθου τήνδ’, ὡς παρ’ εἰδυίας μάθῃς.
bsb10234118_0023.png	470 1708 759 1768	ΟΔΥΣΣΕΥΣ.
bsb10234118_0023.png	1119 1476 1164 1506	10
bsb10234118_0023.png	171 1784 1027 1842	Ὦ φθέγμ’ Ἀθάνας, φιλτάτης ἐμοὶ θεῶν,
bsb10234118_0023.png	180 1842 1162 1904	ὡς εὐμαθές σου, κἂν ἄποπτος ᾖς, ὅμως 15
bsb10234118_0023.png	179 1901 923 1954	φώνημ’ ἀκούω καὶ ξυναρπάζω φρενὶ,
bsb10234118_0023.png	178 1961 941 2016	χαλκοστόμου κώδωνος ὡς Τυρσηνικῆς.
bsb10234118_0023.png	177 2022 1029 2075	καὶ νῦν ἐπέγνως εὖ μ’ ἐπʼ ἀνδρὶ δυςμενεῖ
bsb10234118_0023.png	178 2077 977 2143	βάσιν κυκλοῦντ’, Αἴαντι τῷ σακεςφόρῳ.
bsb10234118_0501.png	459 178 872 228	ET CORRIGENDA.
bsb10234118_0501.png	1125 179 1219 227	487
bsb10234118_0501.png	3 262 1220 319	V. 254. De accusativo Ἄρη v. Ellendt. I. 225. Hesychius
bsb10234118_0501.png	0 314 1014 364	Λιώδης, λιθόλευστος scripsisse videtur λιώλης.
bsb10234118_0501.png	114 365 1227 418	V. 277. p. 202. Adde Heracl. Alleg. LXV. 196. τὸν κό-
bsb10234118_0501.png	156 416 1217 472	σμον ἀπέδωκε τῷ κόσμῳ. Athen. XII. 544. A. φιλοσό-
bsb10234118_0501.png	158 467 1222 524	φων αἱρέσεις ὅλαι τῆς περὶ τὴν τρυφὴν αἱρέσεως ἀν-
bsb10234118_0501.png	128 520 1216 574	τεποιήσαντο. Nicephorus Greg. Hist. IX. 11, 277. C. εἶ-
bsb10234118_0501.png	154 573 677 625	χεν ἄν τινα λόγον ὁ λόγος.
bsb10234118_0501.png	0 623 1213 693	V. 301. p. 215 Nunc ipsum prodiit viri doctissimi Commen_
bsb10234118_0501.png	156 674 1304 723	tarius Pars syntaxis anom. de construct. absolut. in quo
bsb10234118_0501.png	0 728 635 775	haec exposita sunt p. 200.
bsb10234118_0501.png	109 772 1213 828	V. 310. p. 222. Adn. 3. conf. Eur. Bacch. 766. σταγόνα
bsb10234118_0501.png	0 828 912 883	δ’ ἐκ παρηΐδων ἐξεφαίδρυνον χροός.
bsb10234118_0501.png	0 873 1208 953	V. 322 Adde μύκημα μέγα ἐβρυχήσατο Dio Cass. LXVIII. 24.
bsb10234118_0501.png	109 929 1208 985	V. 313. p. 225. Adn. Ἀνεθάλετε Epist. ad Philipp. IV. 10.
bsb10234118_0501.png	117 984 645 1036	ubi aptius esset ἀνελάβετε.
bsb10234118_0501.png	0 1024 1222 1113	V. 324. p. 228. Adn. ἰήκοπος, quod Hermannus in Opusc.
bsb10234118_0501.png	153 1084 1211 1141	T. V. 138. veretur ne graecum non sit, cum αἴλινος [οἰ-
bsb10234118_0501.png	1 1140 1208 1192	τόλινος] ἰήλεμος comparabam, quorum postremum cum no-
bsb10234118_0501.png	117 1186 1206 1234	mine obsoleto, cujus forma apparet in latino lamentum,
bsb10234118_0501.png	155 1235 1208 1289	compositum videtur. Ibid. p. 229. adde κυνοφόντις ἑορτή
bsb10234118_0501.png	1 1287 1210 1347	Athen. III. 99. E. et de μυοφόνον in Adn. confer Schnei-
bsb10234118_0501.png	142 1331 1207 1389	der. ad Theophr. T. III. 473. Ibid. p. 230. lin. 15. ho-
bsb10234118_0501.png	151 1386 1283 1446	rum obliti Corais et Schaeferus suspectum habuerint ἡ
bsb10234118_0501.png	147 1434 1207 1501	ὀψόπωλις (ἀγορά) Plut. V. Timol. c. XIV. Similiter τη-
bsb10234118_0501.png	151 1490 1215 1546	λία ἀρτόπωλις Poll. IX. 108. ἡ τρωγλοδύτις (χώρα) Plut.
bsb10234118_0501.png	152 1541 1210 1602	de Fac. Lun. XIII. 80. apud Sophoclem πέπλος ἐνδυτήρ
bsb10234118_0501.png	151 1592 1212 1648	et ἐνδυτήριος, ἱκτήρ et προσίκτης κλάδος et ἱκετήριος
bsb10234118_0501.png	150 1651 602 1690	v. Ellendt. Lex. I. 835.
bsb10234118_0501.png	0 1687 1210 1750	V. 370. Interjectionis scripturam idem accuratius indagavit
bsb10234118_0501.png	150 1757 318 1792	T. I. 31.
bsb10234118_0501.png	103 1790 1204 1857	V. 397. De praepositione nomini secundo addita v. Mehlhorn.
bsb10234118_0501.png	152 1857 671 1909	de Schem. ἀπὸ κοινοῦ p. 7.
bsb10234118_0501.png	0 1890 1285 1955	V. 467. De μόνος μόνῳ et similibus plura attulit Foertschius
bsb10234118_0501.png	154 1957 922 2012	in Commentatione Lysiae praemissa p. 44.
bsb10234118_0501.png	2 1994 1204 2064	V. 469. νομίσοι ἄν Simplic. Comm. in Enchir. X. p. 109.
bsb10234118_0501.png	153 2055 1203 2117	πῶς οὐκ ἂν παρασκευάσοι XIII. 149. δόξοιτε ἄν Agath.
bsb10234118_0501.png	0 2097 602 2158	Hist. II. 12, 49. B.
bsb10234118_0010.png	214 180 392 232	VI
bsb10234118_0010.png	216 283 1337 336	sequae loco habita ac modo interpretandis modo emen-
bsb10234118_0010.png	217 352 1446 410	dandis veterum scriptis subservire coacta esset. Quid
bsb10234118_0010.png	216 429 1376 486	enim causae est, cur plerasque ejus partes adhuc
bsb10234118_0010.png	215 510 1316 562	temporis ne mediocriter quidem elaboratas habeamus,
bsb10234118_0010.png	216 586 1356 641	nisi quod in transcursu magis quam dedita opera nec
bsb10234118_0010.png	216 662 1318 722	generatim sed disperse in adnotationibus tractatae sunt ?
bsb10234118_0010.png	216 732 1444 790	Nihilo secius philologis difficile est saturam non scri-
bsb10234118_0010.png	218 809 1329 872	bere. Nam quum nemo sit qui universam artem ae-
bsb10234118_0010.png	218 889 1318 941	qualiter pertentatam perceptamque habeat, multi au-
bsb10234118_0010.png	216 960 1319 1016	tem qui singulis ejus locis plus minus lucis afferre
bsb10234118_0010.png	217 1032 1319 1093	possint, has miscellaneas, uti vocant, observationes
bsb10234118_0010.png	217 1108 1323 1166	aut nullo loco aut minus opportuno expromi oporte-
bsb10234118_0010.png	217 1186 1321 1242	bit. Etenim seorsum, ut olim, quominus edantur, ob-
bsb10234118_0010.png	218 1262 1382 1331	stant bibliopolarum arbitria, hoc vero est lectorum
bsb10234118_0010.png	216 1338 1317 1405	ipsorum fastidia, qui commentariolos nostros acci-
bsb10234118_0010.png	216 1409 1319 1482	piunt tanquam merces coemtionales, aspernantur au-
bsb10234118_0010.png	217 1482 1318 1556	tem nulla veteris scriptoris virtute redemtos. Itaque
bsb10234118_0010.png	217 1556 1063 1622	nos quoque in hac scriptione aliquoties
bsb10234118_0010.png	369 1644 1158 1699	τὸ μὲν πάρεργον ἔργον ὥς ποιούμεθα
bsb10234118_0010.png	218 1711 1317 1773	neque veniam desperamus. Sed quod subjunctus huic
bsb10234118_0010.png	218 1788 628 1861	versus effatur
bsb10234118_0010.png	239 1857 1233 1937	τὸ δʹ ἔργον ὡς πάρεργον ἐκπονούμεθα
bsb10234118_0010.png	186 1937 1332 2011	id si quis in operam nostram convenire demonstra-
bsb10234118_0010.png	103 2011 1331 2072	verit, non voluntatem sed facultatem nobis defuisse
bsb10234118_0010.png	219 2097 531 2138	confitebimur.
bsb10234118_0043.png	334 189 914 227	AΙAΣ MΑΣΤΙΓΟΦΟΡΟΣ.
bsb10234118_0043.png	471 281 734 328	ΧΟΡΟS.
bsb10234118_0043.png	192 342 1072 407	Οὐδεὶς ἐρεῖ ποθ’, ὡς ὑπόβλητον λόγον,
bsb10234118_0043.png	188 404 985 458	Αἴας, ἔλεξας, ἀλλὰ τῆς σαυτοῦ φρενός.
bsb10234118_0043.png	186 463 1048 522	παῦσαι γε μέντοι καὶ δὸς ἀνδράσιν φίλοις
bsb10234118_0043.png	184 519 1049 577	γνώμης κρατῆσαι, τάςδε φροντίδας μεθείς.
bsb10234118_0043.png	468 628 792 659	ΤΕΚΜΗΣΣΑ.
bsb10234118_0043.png	1129 197 1178 230	29
bsb10234118_0043.png	103 687 1268 757	485 Ὦ δέσποτ’ Αἴας, τῆς ἀναγκαίας τύχης 480
bsb10234118_0043.png	183 749 1022 813	οὐκ ἔστιν οὐδὲν μεῖζον ἀνθρώποις κακόν.
bsb10234118_0043.png	183 807 942 871	ἐγὼ δ’ ἐλευθέρου μὲν ἐξέφυν πατρὸς,
bsb10234118_0043.png	184 868 1171 932	εἴπερ τινὸς, σθένοντος ἐν πλούτῳ, Φρυγῶν·
bsb10234118_0043.png	0 926 1090 982	νῦν δ’ εἰμὶ δούλη· θεοῖς γὰρ ὧδ’ ἔδοξέ που,
bsb10234118_0043.png	31 982 1169 1044	490 καὶ σῇ μάλιστα χειρί· τοιγαροῦν, ἐπεὶ 485
bsb10234118_0043.png	180 1043 1027 1106	τὸ σὸν λέχος ξυνῆλθον, εὖ φρονῶ τὰ σὰ,
bsb10234118_0043.png	180 1104 958 1158	καί σ’ ἀντιάζω πρός τ’ ἐφεστίου Διὸς
bsb10234118_0043.png	183 1162 998 1226	εὐνῆς τε τῆς σῆς, ἧς συνηλλάχθης ἐμοὶ,
bsb10234118_0043.png	112 1221 933 1278	μή μ’ ἀξιώσῃς βάξιν ἀλγεινὴν λαβεῖν
bsb10234118_0043.png	32 1274 1169 1343	495 τῶν σῶν ὑπ’ ἐχθρῶν, χειρίαν ἀφεὶς τινί. 490
bsb10234118_0043.png	180 1340 980 1399	ἢν γὰρ θάνῃς σὺ καὶ τελευτήσας ἀφῇς,
bsb10234118_0043.png	179 1399 916 1457	ταύτῃ νόμιζε κἀμὲ τῇ τόθ’ ἡμέρᾳ
bsb10234118_0043.png	178 1460 930 1517	βίᾳ ξυναρπασθεῖσαν Ἀργείων ὕπο
bsb10234118_0043.png	180 1517 1010 1578	ξὺν παιδὶ τῷ σῷ δουλίαν ἕξειν τροφήν.
bsb10234118_0043.png	34 1568 1166 1640	500 καί τις πικρὸν πρόςφθεγμα δεσποτῶν ἐρεῖ 495
bsb10234118_0043.png	180 1635 996 1694	λόγοις ἰάπτων, ἴδετε τὴν ὁμευνέτιν
bsb10234118_0043.png	180 1699 1014 1752	Αἴαντος, ὃς μέγιστον ἴσχυσε στρατοῦ,
bsb10234118_0043.png	182 1758 1006 1811	οἵας λατρείας ἀνθ’ ὅσου ζήλου τρέφει!
bsb10234118_0043.png	181 1815 1056 1877	τοιαῦτ’ ἐρεῖ τις· κἀμὲ μὲν δαίμων ἐλᾷ
bsb10234118_0043.png	107 1867 1165 1929	505 σοὶ δ’ αἰσχρὰ τἄπη ταῦτα καὶ τῷ σῷ γένει. 500
bsb10234118_0043.png	183 1928 1055 1995	ἀλλ’ αἴδεσαι μὲν πατέρα τὸν σὸν ἐν λυγρῷ
bsb10234118_0043.png	181 1987 1001 2055	γήρᾳ προλείπων· αἴδεσαι δὲ μητέρα
bsb10234118_0043.png	157 2051 986 2113	πολλῶν ἐτῶν κληροῦχον, ἥ σε πολλάκις
bsb10234118_0043.png	185 2108 1036 2165	θεοῖς ἀρᾶται ζῶντα πρὸς δόμους μολεῖν.
bsb10234118_0019.png	439 164 825 201	ΥΠΟΘΕΣΙΣ.
bsb10234118_0019.png	100 246 1191 305	ὁ Αἴας προςδοκήσας ἐγκρατὴς εἶναι τῶν ὅπλων καὶ
bsb10234118_0019.png	97 321 1271 372	ἀποτυχὼν, ἔγνω ἑαυτὸν ἀνελεῖν. Αἱ δὲ τοιαῦται νῖκαι
bsb10234118_0019.png	98 398 1230 453	οὐκ εἰσὶν ἐπωφελεῖς οὐδὲ τοῖς δοκοῦσι νενικηκέναι
bsb10234118_0019.png	98 472 1186 530	ὅρα γὰρ καὶ παρ’ Ὁμήρῳ τὰ περὶ τῆς ἥττης τοῦ
bsb10234118_0019.png	97 546 1264 602	Αἴαντος πάνυ διὰ βραχέων καὶ περιπαθῶς· ( Ὀδυσσ.
bsb10234118_0019.png	97 623 245 669	λ. 542.)
bsb10234118_0019.png	176 703 770 748	οἴη δ’ Αἴαντος ψυχὴ Τελαμωνιάδαο
bsb10234118_0019.png	175 761 958 810	νόσφιν ἀφειστήκει κεχολωμένη εἵνεκα τευχέων.
bsb10234118_0019.png	10 836 979 897	εἶτα αὐτοῦ ἄκουε τοῦ κεκρατηκότος· (547.)
bsb10234118_0019.png	177 919 867 977	ὡς δὴ μὴ ὄφελον νικᾷν τοιῷδ’ ἐπ’ ἀέθλῳ.
bsb10234118_0019.png	10 993 1184 1056	οὐκ ἐλυσιτέλησεν ἄρα αὐτῷ ἡ νίκη, τοιούτου ἀνδρὸς
bsb10234118_0019.png	10 1068 668 1130	διὰ τὴν ἧτταν ἀποθανόντος.
bsb10234118_0019.png	163 1150 1183 1206	Ἡ σκηνὴ τοῦ δράματος ἐν τῷ ναυστάθμῳ πρὸς
bsb10234118_0019.png	12 1225 1181 1289	τῇ σκηνῇ τοῦ Αἴαντος· δαιμονίως δὲ εἰςφέρει προ-
bsb10234118_0019.png	12 1301 1180 1362	λογίζουσαν τὴν Ἀθηνᾶν· ἀπίθανον γὰρ τὸν Αἴαντα
bsb10234118_0019.png	13 1373 1179 1439	προϊόντα εἰπεῖν περὶ τῶν αὐτῷ πεπραγμένων, ὥςπερ
bsb10234118_0019.png	13 1450 1221 1515	ἐξελέγχοντα ἑαυτόν· οὐδὲ μὴν ἕτερός τις ἠπίστατο τὰ
bsb10234118_0019.png	13 1523 1212 1588	τοιαῦτα, ἐν ἀποῤῥήτῳ καὶ νυκτὸς τοῦ Αἴαντος δρά-
bsb10234118_0019.png	13 1598 1181 1661	σαντος· θεοῦ οὖν ἦν τὸ ταῦτα διασαφῆσαι καὶ Ἀθηνᾶς
bsb10234118_0019.png	13 1672 886 1737	προκηδομένης τοῦ Ὀδυσσέως, διό φησι·
bsb10234118_0019.png	336 1757 710 1802	καὶ πάλαι φύλαξ ἔβην
bsb10234118_0019.png	173 1817 741 1865	τῇ σῇ πρόθυμος εἰς ὁδὸν κυνηγίᾳ.
bsb10234118_0019.png	96 1891 1178 1945	Περὶ δὲ τοῦ θανάτου τοῦ Αἴαντος διαφόρως ἱστο-
bsb10234118_0019.png	96 1966 1179 2022	ρήκασιν· οἱ μὲν γάρ φασιν, ὅτι ὑπὸ Πάριδος τρω-
bsb10234118_0019.png	95 2044 1217 2099	θεὶς ἦλθεν εἰς τὰς ναῦς αἱμοῤῥοῶν· οἱ δὲ, ὅτι χρησ-
bsb10234118_0050.png	270 178 317 211	36
bsb10234118_0050.png	572 168 1064 213	ΣΟΦΟΚΛΕΟΥΣ
bsb10234118_0050.png	371 217 1440 316	κἀγὼ γὰρ, ὃς τὰ δείν’ ἐκαρτέρουν τότε, 650
bsb10234118_0050.png	275 323 1189 383	βαφῇ σίδηρος ὣς, ἐθηλύνθην στόμα
bsb10234118_0050.png	213 382 1231 442	640 πρὸς τῆςδε τῆς γυναικός· οἰκτείρω δέ νιν
bsb10234118_0050.png	374 441 1312 505	χήραν παρ’ ἐχθροῖς, παῖδά τ’ ὀρφανὸν λιπεῖν.
bsb10234118_0050.png	373 501 1230 561	ἀλλ’ εἶμι πρός τε λουτρὰ καὶ παρακτίους
bsb10234118_0050.png	371 560 1365 616	λειμῶνας, ὡς ἂν λύμαθ’ ἁγνίσας ἐμὰ 655
bsb10234118_0050.png	370 619 1057 678	μῆνιν βαρεῖαν ἐξαλεύσωμαι θεᾶς·
bsb10234118_0050.png	273 678 1174 738	645 μολών τε, χῶρον ἔνθ’ ἂν ἀστιβῆ κίχω,
bsb10234118_0050.png	373 736 1247 797	κρύψω τόδ’ ἔγχος τοὐμὸν, ἔχθιστον βελῶν,
bsb10234118_0050.png	338 796 1078 858	γαίας ὀρύξας ἔνθα μή τις ὄψεται.
bsb10234118_0050.png	372 856 1363 914	ἀλλ’ αὐτὸ νὺξ Ἅιδης τε σωζόντων κάτω. 660
bsb10234118_0050.png	373 914 1108 975	ἐγὼ γὰρ ἐξ οὖ χειρὶ τοῦτ’ ἐδεξάμην
bsb10234118_0050.png	273 974 1157 1033	650 παρ’ Ἕκτορος δώρημα δυςμενεστάτου,
bsb10234118_0050.png	374 1032 1222 1093	οὔπώ τι κεδνὸν ἔσχον Ἀργείων πάρα.
bsb10234118_0050.png	374 1091 1143 1151	ἀλλ’ ἔστ’ ἀληθὴς ἡ βροτῶν παροιμία,
bsb10234118_0050.png	373 1151 1093 1209	ἐχθρῶν ἄδωρα δῶρα κοὐκ ὀνήσιμα.
bsb10234118_0050.png	375 1209 1171 1260	τοιγὰρ τὸ λοιπὸν εἰσόμεσθα μὲν θεοῖς
bsb10234118_0050.png	272 1268 1214 1327	655 εἴκειν, μαθησόμεσθα δ’ Ἀτρείδας σέβειν.
bsb10234118_0050.png	373 1327 1175 1388	ἄρχοντές εἰσιν, ὥςθ’ ὑπεικτέον· τί μή ;
bsb10234118_0050.png	1242 1149 1361 1188	665
bsb10234118_0050.png	372 1386 1172 1443	καὶ γὰρ τὰ δεινὰ καὶ τὰ καρτερώτατα
bsb10234118_0050.png	374 1443 1364 1498	τιμαῖς ὑπείκει· τοῦτο μὲν νιφοστιβεῖς 670
bsb10234118_0050.png	373 1505 1122 1564	χειμῶνες ἐκχωροῦσιν εὐκάρπῳ θέρει·
bsb10234118_0050.png	275 1563 1091 1617	660 ἐξίσταται δὲ νυκτὸς αἰανῆς κύκλος
bsb10234118_0050.png	271 1622 1119 1684	τῇ λευκοπώλῳ φέγγος ἡμέρᾳ φλέγειν.
bsb10234118_0050.png	374 1681 1110 1737	δεινῶν τ’ ἄημα πνευμάτων ἐκοίμισε
bsb10234118_0050.png	374 1724 1450 1801	στένοντα πόντον· ἐν δ’ ὁ παγκρατὴς ὕπνος 675
bsb10234118_0050.png	371 1798 1060 1860	λύει πεδήσας οὐδ’ ἀεὶ λαβὼν ἔχει.
bsb10234118_0050.png	174 1848 1218 1916	665 ἡμεῖς δὲ πῶς οὐ γνωσόμεσθα σωφρονεῖν ;
bsb10234118_0050.png	328 1916 1095 1978	ἐγὼ δ’, ἐπίσταμαι γὰρ ἀρτίως ὅτι
bsb10234118_0050.png	371 1976 1181 2038	ὅ τ’ ἐχθρὸς ἡμῖν ἐς τοσόνδ’ ἐχθαρτέος,
bsb10234118_0050.png	373 2036 1450 2096	ὡς καὶ φιλήσων αὖθις· ἔς τε τὸν φίλον 680
bsb10234118_0050.png	370 2096 1186 2152	τοσαῦθ’ ὑπουργῶν ὠφελεῖν βουλήσομαι,
bsb10234118_0011.png	60 280 1239 340	Ex priore editione quae retenta sunt, ab additi-
bsb10234118_0011.png	141 356 1241 415	ciis propria quadam nota distinguenda curavi eaque
bsb10234118_0011.png	140 430 1236 485	brevitatis causa tum quoque sum usus quum adde-
bsb10234118_0011.png	140 499 1284 563	rem paucula demeremve. Pleraque autem ab integro
bsb10234118_0011.png	141 574 1239 635	retexui ; quo in negotio haud raro accidit ut mihi-
bsb10234118_0011.png	141 660 1281 722	met ipse succenserem pergraviter, quum ea a me ad-
bsb10234118_0011.png	143 731 1246 795	missa viderem, quae si quis deliquisset alius, fortasse
bsb10234118_0011.png	144 808 1344 864	castigassem severius - ὡς κριτικὸς κριτικῷ κοτέει.
bsb10234118_0011.png	146 884 1249 938	Sed nostris scilicet erroribus irasci nefas. Diversa-
bsb10234118_0011.png	144 962 1244 1014	rum lectionum, quae dicuntur, silvam auxi copiis a
bsb10234118_0011.png	144 1032 1261 1089	Martino, Elmslejo, Dindorfio aliisque collectis sed
bsb10234118_0011.png	145 1112 1245 1165	adhibito quodam delecta ; et in referendis Criticorum
bsb10234118_0011.png	146 1187 1242 1242	conjecturis eum tenui modum ut in primo eujusque
bsb10234118_0011.png	146 1261 1241 1321	mutationis auctore aequiescerem omissis subscripto-
bsb10234118_0011.png	147 1331 1243 1393	rum auctoritatibus. Sed hoc loco facere non possum
bsb10234118_0011.png	147 1410 1244 1477	quin Bothio me excusem, qui et in commentario suo
bsb10234118_0011.png	148 1491 1242 1553	et multo gravius in Ajacis ab Hermanno editi cen-
bsb10234118_0011.png	148 1565 1245 1619	sura iracundissima conquestus est, quod nonnullas
bsb10234118_0011.png	149 1631 1246 1695	suas emendationes in Musgravium, alienas corrupte-
bsb10234118_0011.png	148 1718 1258 1772	las in se transscripserim, idque me animo iniquo et
bsb10234118_0011.png	133 1795 1246 1859	malevolo fecisse criminatur. Injuria quidem. Ego
bsb10234118_0011.png	147 1859 1248 1933	enim illo tempore, quo primam hujus libri editionem
bsb10234118_0011.png	148 1933 1262 2005	elaboravi, contubernalem habui illam non dicam at-
bsb10234118_0011.png	147 2014 1246 2074	ticam sed saxonicam Peniam, quam quidam μουσομή-
bsb10234118_0011.png	149 2094 1294 2159	τορα perhibent, plerique novercam. Haec igitur mihi
bsb10234118_0013.png	110 271 1206 327	qui me adolescente claruerunt philologos, haud pau-
bsb10234118_0013.png	108 348 1206 399	cos esse quos mihi anteponam, sed eorum nullum
bsb10234118_0013.png	106 424 1201 476	Hermanni in arte critica perfectionem, in gramma-
bsb10234118_0013.png	106 499 1201 555	ticarum rerum quaestionibus subtilitatem, in dicendo
bsb10234118_0013.png	103 567 1201 626	vigorem claroremque mihi adaequare videri. Praeterea
bsb10234118_0013.png	103 650 1201 704	nihil est, de quo lectores meos certiores fieri cupiam
bsb10234118_0013.png	101 726 1199 777	nisi quod multis ingratum fore praevideo, deesse huic
bsb10234118_0013.png	100 801 1200 855	editioni, quae priorem ornavit, Seidleri epistolam, quam
bsb10234118_0013.png	99 879 1196 932	non omisissem nisi viri doctissimi voluntati potius obse-
bsb10234118_0013.png	101 953 1198 1007	quendum fuisset quam meae. Typothetarum errata in
bsb10234118_0013.png	101 1029 1195 1083	extrema indicabo pagina, *) quae quod pauca sunt, Fri-
bsb10234118_0013.png	102 1103 1272 1165	derico Palmio acceptum refero, correctori sollerti et
bsb10234118_0013.png	101 1180 1193 1236	utriusque linguae perquam perito. Eodemque loco ad-
bsb10234118_0013.png	102 1251 1193 1310	diturus sum quae jam nunc praetermissa video, potissi-
bsb10234118_0013.png	100 1331 1193 1383	mum ex Fr. Ellendtii, viri amicissimi, lexico Sopho-
bsb10234118_0013.png	100 1405 1195 1458	cleo, egregio horum studiorum instrumento, cujus pars
bsb10234118_0013.png	98 1483 1194 1533	prior nuper ad nos allata est. Cetera alteri reservantur
bsb10234118_0013.png	97 1557 1191 1612	volumini, cui destinavi dissertationes de praeceptis eu-
bsb10234118_0013.png	96 1632 1191 1687	phonicis, de nominibus monosyllabis, de asyntaxia ge-
bsb10234118_0013.png	146 1800 1193 1849	*) Paecipiam p. 93. lin. 5. ζῶμα pro σῶμα positum, p. 96. 1. 5. a fin. pol-
bsb10234118_0013.png	1 1836 1193 1894	lutare pro pullulare, p. 161. 1. 1. aliam pro etiam. Cur Ἐρινύς, λάθρᾳ, τοὔρ-
bsb10234118_0013.png	1 1894 1193 1951	γον, γήραι, αἴσσω, κηρῦξαι, φῄς non scripserim neque in accentuum inclina-
bsb10234118_0013.png	2 1945 1192 1994	tionibus priores editores semper sequutus sim, commodiore loco exponam. Din-
bsb10234118_0013.png	2 1994 1193 2044	dorfii sententia, quam impugnavi p. 163. proposita est in editione Weidman-
bsb10234118_0013.png	4 2044 1192 2095	niana A. MDCCCXXX. quam apud nostros bibliopolas diu frustra requisivi,
bsb10234118_0013.png	5 2095 824 2151	auctorque viri egregii is, quem suspicabar, Photius.
bsb10234118_0012.png	224 185 304 219	VIII
bsb10234118_0012.png	227 268 1328 323	cum alia denegavit multa, tum libris undique corro-
bsb10234118_0012.png	228 342 1329 404	gatis et commodatis uti coegit. Itaque Musgravii edi-
bsb10234118_0012.png	226 421 1328 477	tionem usurpare non licuit sed adnotationes ejus con-
bsb10234118_0012.png	226 496 1328 558	discipulus quidam meus, cujus nunc perillustre in his
bsb10234118_0012.png	225 574 1329 624	literis nomen, praetextatae amicitiae causa Lipsiae
bsb10234118_0012.png	225 648 1328 699	transscripsit, transscriptas ad me transmisit ; Bothia-
bsb10234118_0012.png	225 723 1325 775	nas ipse ex libro in tempus accepto excerpsi. Ergo,
bsb10234118_0012.png	225 798 1328 855	si quid a me turbatum est, id errori imputandum
bsb10234118_0012.png	224 868 1328 926	potius quam cupiditati. Quae autem praeterea dicit de
bsb10234118_0012.png	224 952 1336 1009	Pauwianis conviciis acervatim in se congestis, certe
bsb10234118_0012.png	217 1025 1325 1077	δεινώσει usus est ; nam ab istiusmodi facetiis vel ju-
bsb10234118_0012.png	224 1101 1362 1150	venis abhorrui, duas, ut Hesiodus ait, rixas esse ra-
bsb10234118_0012.png	223 1175 1338 1227	tus, unam plebejam illam et scurrilem, alteram palae-
bsb10234118_0012.png	223 1251 1334 1303	strae decoris motibus adsimilem, quam perpauci cal-
bsb10234118_0012.png	222 1326 1333 1378	lent sed qualis sit, nisi recentia extarent exempla,
bsb10234118_0012.png	222 1402 1335 1460	ex Bentleji Lessingiique scriptis cognosci posset.
bsb10234118_0012.png	300 1471 1322 1529	Scholia editioni priori adjuncta nunc quia saepius
bsb10234118_0012.png	222 1554 1321 1605	iterata sunt omittere consultius visum, exceptis quae
bsb10234118_0012.png	220 1629 1332 1685	aut diversae scripturae indicium aut interpretationis
bsb10234118_0012.png	207 1700 1318 1755	subsidium afferrent. His subjunxi posteriorum expla-
bsb10234118_0012.png	219 1777 1316 1830	natorum sententias potiores, modo huic assensus,
bsb10234118_0012.png	219 1848 1334 1910	modo illi, tum etiam nulli. Nam ab Hermanno quo-
bsb10234118_0012.png	219 1922 1333 1983	que, si quas habui ad contra dicendum rationes,
bsb10234118_0012.png	219 2006 1331 2064	discedere non sum cunctatus ; quod ne quis secus in-
bsb10234118_0012.png	218 2082 1312 2140	terpretetur, libere profitebor quod sentio : inter eos,
bsb10234118_0096.png	237 185 285 219	82
bsb10234118_0096.png	600 174 976 213	COMMENTARIUS
bsb10234118_0096.png	240 254 1348 313	adjici ut lectores integrioris formae admoneantur. Μὴ θελήσας
bsb10234118_0096.png	239 310 1346 360	lsaeus Cir. p. 69. §. 11. μὴ θέλοι Lycurg. Leocr. p. 157, 77.
bsb10234118_0096.png	241 361 1349 418	etc. et similia apud Demosthenem, cui Schaeferus μὴ ἐθέλειν
bsb10234118_0096.png	242 412 1475 460	eximere studet ad p. 1451, 61. cf. Ruediger ad Philipp. I.
bsb10234118_0096.png	233 464 1349 521	p. 27. Thucydidi familiarius verbum trisyllabum, nec dubita-
bsb10234118_0096.png	243 515 1347 572	tione caruit εἰ θέλοιμεν VI. 34, 4. sed Platoni jure reli-
bsb10234118_0096.png	245 565 1474 621	quit Schneiderus ad Civ. T. I. p. 230. T. III. p. 154. etsi
bsb10234118_0096.png	244 618 1273 672	apud hunc ut apud ceteros antiquiores praevalet ἐθέλειν.
bsb10234118_0096.png	264 671 1349 717	V. 25. Ἐφθαρμένας - Hunc et insequentem versum
bsb10234118_0096.png	245 717 1349 774	producit Suidas s. Λείας. Verbum κατηναρισμένας ex h. l.
bsb10234118_0096.png	246 771 1474 822	idem et Hesychius et Schol. Ven. XXI. 26. enotarunt. Quod
bsb10234118_0096.png	248 820 1474 874	sequitur, ποιμνίων ἐπιστάταις, id Suidas s. Ἐπιστάτις in-
bsb10234118_0096.png	249 872 1474 925	terpretatur τοῖς κυσί, fortasse ne Ajax caedis verae nec ad
bsb10234118_0096.png	250 925 1354 976	vindictam necessariae reus agatur ; idemque sensisse videtur
bsb10234118_0096.png	250 975 1474 1032	qui v. 232. adscripsit : οὗτοι γὰρ ἐνόμιζον καὶ ποιμένας
bsb10234118_0096.png	251 1030 1353 1083	αὐτὸν ἀνῃρηκέναι, id est, solam in hoc conjecturam sequun-
bsb10234118_0096.png	251 1079 1352 1131	tur. Rectius Schol. Rom. τοῖς ποιμέσι· καλῶς δὲ τοῦτο,
bsb10234118_0096.png	251 1130 1354 1185	ἵνα μὴ παραγένοιτό τις ἀπαγγέλλων τὸ σαφές. Sic ποιμ-
bsb10234118_0096.png	251 1183 1005 1226	νίων ἐπιστάταις Plat. Legg. X. 906. A.
bsb10234118_0096.png	284 1218 1353 1279	V. 28. Αἰτίαν νέμει. Codd. Δ. La. Lb. Aug. B.
bsb10234118_0096.png	252 1285 1351 1337	τρέπει, hic supra scripto νέμει. Illud Valckenarius ad Hipp.
bsb10234118_0096.png	253 1335 1353 1386	p. 306. e glossa εἰς αὐτὸν τρέπει ortum putat. Galenus
bsb10234118_0096.png	254 1386 1464 1442	de Plenit. c. XI. 346. T. VII. Chart. p. 582. Kuehn. οὐκ
bsb10234118_0096.png	255 1439 859 1489	ἴσην ἅπασι νέμει τὴν αἰτίαν.
bsb10234118_0096.png	269 1486 1355 1536	V. 29. Καί μοί τις ὀπτήρ - εἰςιδών - haec verba ap-
bsb10234118_0096.png	254 1540 1354 1589	ponit Thomas s. Ὀπτήρ, totum versum cum insequenti Suidas
bsb10234118_0096.png	256 1591 1351 1640	s. Ὀπτῆρας, quam vocem Eustathius p. 788, 31. ex h. l.
bsb10234118_0096.png	255 1645 537 1682	affert. ED. PR.
bsb10234118_0096.png	310 1693 1353 1741	V. 30 Πηδῶντα πεδία. E Scholiastae interpreta-
bsb10234118_0096.png	251 1742 1352 1795	mento τῷ πεδίῳ nata est codd. nonnullorum lectio πεδίῳ.
bsb10234118_0096.png	258 1794 1466 1849	Syntaxis hujus exempla abunde multa extant, sed regula
bsb10234118_0096.png	256 1845 1355 1896	parum claret ; πλανηθῆναι τὴν ἐρήμην Iesai. XVI. 8. πολ-
bsb10234118_0096.png	257 1895 1351 1947	λήν ἐρημίαν Conon. Narr. II. πολλὴν γῆν Xenoph. Eph.
bsb10234118_0096.png	257 1946 1353 2003	V. 14, 116. Plutarch. Lucull. c. XXXIV. cf. Aglaoph. T.
bsb10234118_0096.png	257 1999 1356 2054	I. 49. πολὺν πλανᾶσθαι τόπον Dio Chr. VII. 226. πᾶσαν
bsb10234118_0096.png	255 2049 1474 2106	πλανηθεὶς χθόνα Eur. Hel. 598. γῆν ἀπίαν ἀλώμενος
bsb10234118_0096.png	259 2100 1353 2153	Oed. C. 1686. τὴν πλανοστιβῆ γῆν βεβώς Aesch, Eum. 76.
bsb10234118_0067.png	265 186 968 238	ΑΙΑΣ ΜΑΣΤΙΓΟΦΟΡΟΣ.
bsb10234118_0067.png	196 272 1075 327	δοκεῖν πεσεῖν ἂν, κἂν ἀπὸ σμικροῦ κακοῦ.
bsb10234118_0067.png	1105 190 1189 247	55
bsb10234118_0067.png	180 333 1181 392	δέος γὰρ ᾧ, πρόςεστιν αἰσχύνη θ’ ὁμοῦ, 1055
bsb10234118_0067.png	107 392 942 445	1080 σωτηρίαν ἔχοντα τόνδ’ ἐπίστασο.
bsb10234118_0067.png	165 451 1135 512	ὅπου δ’ ὑβρίζειν, δρᾷν θ’, ἃ βσύλεται, πάρα,
bsb10234118_0067.png	210 511 1039 569	ταύτην νόμιζε τὴν πόλιν χρόνῳ ποτὲ
bsb10234118_0067.png	210 569 1043 632	ἐξ οὐρίων δραμοῦσαν εἰς βυθὸν πεσεῖν.
bsb10234118_0067.png	212 629 1184 689	ἀλλ’ ἑστάτω μοι καὶ δέος τι καίριον, 1060
bsb10234118_0067.png	107 689 1001 741	1085 καὶ μὴ δοκῶμεν, δρῶντες ‘ἂν ἡδώμεθα
bsb10234118_0067.png	210 748 968 798	οὐκ ἀντιτίσειν αὖθις, ‘ἄν λυπώμεθα.
bsb10234118_0067.png	212 807 1077 867	ἕρπει παραλλὰξ ταῦτα· πρόσθεν οὗτος ἦν
bsb10234118_0067.png	148 866 1132 926	αἴθων ὑβριστής· νῦν δ’ ἐγὼ μέγ’ αὖ φρονῶ,
bsb10234118_0067.png	210 926 1182 986	καὶ σοὶ προφωνῶ τόνδε μὴ θάπτειν, ὅπως 1065
bsb10234118_0067.png	31 964 1113 1044	1090 μὴ τόνδε θάπτων αὐτὸς εἰς ταφὰς πέσῃς.
bsb10234118_0067.png	524 1078 725 1109	ΧΟΡΟΣ.
bsb10234118_0067.png	215 1132 1124 1195	Μενέλαε, μὴ γνώμας ὑποστήσας σοφὰς,
bsb10234118_0067.png	152 1190 1021 1252	εἶτ’ αὐτὸς ἐν θανοῦσιν ὑβριστὴς γένῃ.
bsb10234118_0067.png	501 1278 756 1310	ΤΕΥΚΡΟΣ.
bsb10234118_0067.png	214 1331 1130 1387	Οὐκ ἄν ποτ’, ἄνδρες, ἄνδρα θαυμάσαιμ’ ἔτι,
bsb10234118_0067.png	211 1392 1179 1449	ὃς μηδὲν ὢν γοναῖσιν εἶθ’ ἁμαρτάνει, 1070
bsb10234118_0067.png	30 1453 948 1511	1095 ὅθ’ οἱ δοκοῦντες ·εὐγενεῖς πεφυκέναι,
bsb10234118_0067.png	210 1511 969 1565	τοιαῦθ’ ἁμαρτάνουσιν ἐν λόγοις ἔπη.
bsb10234118_0067.png	212 1569 1067 1629	ἄγ’ εἴπ’ ἀπ’ ἀρχῆς αὖθις, ἦ σὺ φῂς ἄγειν
bsb10234118_0067.png	212 1627 1104 1683	τὸν ἄνδρ’ Ἀχαιοῖς δεῦρο σύμμαχον λαβών;
bsb10234118_0067.png	213 1681 1234 1739	οὐκ αὐτὸς ἐξέπλευσεν, ὡς αὑτοῦ κρατῶν; 1075
bsb10234118_0067.png	31 1748 1052 1809	1100 ποῦ σὺ στρατηγεῖς τοῦδε; ποῦ δὲ σοὶ λεῶν
bsb10234118_0067.png	212 1807 997 1868	ἔξεστ’ ἀνάσσειν, ὧν ὅδ’ ἡγεῖτ’ οἴκοθεν;
bsb10234118_0067.png	209 1866 1116 1926	Σπάρτης ἀνάσσων ἦλθες, οὐχ ἡμῶν κρατῶν.
bsb10234118_0067.png	212 1926 1057 1979	οὐδ’ ἔσθ’ ὅπου σοὶ τόνδε κοσμῆσαι πλέον
bsb10234118_0067.png	213 1985 1175 2046	ἀρχῆς ἔκειτο θεσμὸς, ἢ καὶ τῷδε σέ. 1080
bsb10234118_0067.png	109 2042 1040 2106	1105 ὕπαρχος ἄλλων δεῦρ’ ἔπλευσας, οὐχ ὅλων
bsb10234118_0067.png	215 2104 1033 2158	στρατηγὸς, ὥςτ’ Αἴαντος ἡγεῖσθαί ποτε.
bsb10234118_0015.png	242 837 950 893	ΣΟΦΟΚΛΕΟΥΣ
bsb10234118_0015.png	99 952 1273 1037	ΑΙΑΣ ΜΑΣΤΙΓΟΦΟΡΟΣ.
bsb10234118_0014.png	224 263 1325 322	nerum, de substantivorum motione, denominatione, pa-
bsb10234118_0014.png	226 337 1326 394	raschematismo, aliasque complusculas partim syntacti-
bsb10234118_0014.png	228 410 1324 476	cas partim ejus generis, quod in Etymologia tractatur.
bsb10234118_0014.png	173 492 1325 555	Quo si perventum fuerit, quod brevi futurum spero,
bsb10234118_0014.png	230 567 1328 623	tum vero liberi solutique adnotationum vinculis per spa-
bsb10234118_0014.png	231 646 1364 697	tiosos doctrinae cum philosophia ipsa natae cognatae-
bsb10234118_0014.png	121 715 1339 780	que campos vagabimur. Scripsi Regimontii Prussorum
bsb10234118_0014.png	233 799 939 853	nonis aprilibus A. MDCCCXXXV.
bsb10234118_0029.png	336 166 1002 206	ΑΙΑΣ ΜΑΣΤΙΓΟΦΟΡΟΣ.
bsb10234118_0029.png	554 248 775 291	ΑΙΑΣ.
bsb10234118_0029.png	184 321 991 383	Χαίρειν, Ἀθάνα, τἄλλ’ ἐγώ σ’ ἐφίεμαι,
bsb10234118_0029.png	143 383 1023 438	κεῖνος δὲ τίσει τήνδε κοὐκ ἄλλην δίκην.
bsb10234118_0029.png	516 478 722 510	ΑΘΗΝΑ.
bsb10234118_0029.png	1044 158 1175 211	15
bsb10234118_0029.png	183 538 1061 598	Σὺ δ’ οὖν, ἐπειδὴ τέρψις ἥδε σοι τὸ δρᾷν,
bsb10234118_0029.png	180 600 1167 656	χρῶ χειρί· φείδου μηδὲν ὧνπερ ἐννοεῖς. 115
bsb10234118_0029.png	547 707 694 739	ΑΙΑΣ.
bsb10234118_0029.png	181 759 1016 821	Χορῶ πρὸς ἔργον· τοῦτό σοι δ’ ἐφίεμαι,
bsb10234118_0029.png	178 819 962 876	τοιάνδ’ ἀεί μοι ξύμμαχον παρεστάναι.
bsb10234118_0029.png	499 924 718 959	ΑΘΗΝΑ.
bsb10234118_0029.png	177 988 975 1054	Ὁρᾷς, Ὀδυσσεῦ, τὴν θεῶν ἰσχὺν, ὅση ;
bsb10234118_0029.png	122 1048 1072 1112	τούτου τίς ἄν σοι τἀνδρὸς ἢ προνούστερος,
bsb10234118_0029.png	176 1108 894 1164	ἢ δρᾷν ἀμείνων εὑρέθη τὰ καίρια ;
bsb10234118_0029.png	468 1213 765 1247	ΟΔΥΣΣΕΥΣ.
bsb10234118_0029.png	175 1274 985 1335	Ἐγὼ μὲν οὐδέν’ οἶδ’· ἐποικτείρω δέ νιν
bsb10234118_0029.png	175 1335 961 1395	δύστηνον ἔμπας, καίπερ ὄντα δυςμενῆ,
bsb10234118_0029.png	174 1393 869 1460	ὁθούνεκ’ ἄτῃ ξυγκατέζευκται κακῇ,
bsb10234118_0029.png	175 1453 1051 1510	οὐδὲν τὸ τούτου μᾶλλον ἢ τοὐμὸν σκοπῶν.
bsb10234118_0029.png	1095 1122 1165 1153	120
bsb10234118_0029.png	176 1512 1228 1577	ὁρῶ γὰρ ἡμᾶς οὐδὲν ὄντας ἄλλο πλὴν 125
bsb10234118_0029.png	175 1574 974 1630	εἴδωλ’, ὅσοιπερ ζῶμεν, ἢ κούφην σκιάν.
bsb10234118_0029.png	512 1679 716 1712	ΑΘΗΝΑ.
bsb10234118_0029.png	179 1743 896 1805	Τοιαῦτα τοίνυν εἰςορῶν, ὑπέρκοπον
bsb10234118_0029.png	173 1802 982 1855	μηδέν ποτ’ εἴπῃς αὐτὸς εἰς θεοὺς ἔπος,
bsb10234118_0029.png	172 1860 964 1923	μηδ’ ὄγκον ἄρῃς μηδέν’, εἴ τινος πλέον
bsb10234118_0029.png	172 1918 1162 1982	ἢ χειρὶ βρίθεις ἢ μακροῦ πλούτου βάθει. 130
bsb10234118_0029.png	174 1980 952 2039	ὡς ἡμέρα κλίνει τε κἀνάγει πάλιν
bsb10234118_0029.png	173 2038 982 2100	ἅπαντα τἀνθρώπεια· τοὺς δὲ σώφρονας
bsb10234118_0029.png	174 2099 982 2149	θεοὶ φιλοῦσι καὶ στυγοῦσι τοὺς κακούς.
bsb10234118_0091.png	364 164 918 217	AD SOPH. AI. V. 9-15.
bsb10234118_0091.png	1143 177 1187 210	77
bsb10234118_0091.png	99 263 1187 316	κἄν ἄποπτος ᾖς, τουτέστιν ἀόρατος. Huic assentiens Brun-
bsb10234118_0091.png	98 314 1188 363	ckius Minervae, inquit, se machina loquentis et spectatoribus
bsb10234118_0091.png	96 366 1188 418	conspicuae vocem audiebat Ulysses, at ipse eam censebatur
bsb10234118_0091.png	96 418 1186 466	non videre juxta veterum opinionem, deos guidem saepe cum
bsb10234118_0091.png	96 468 1186 519	hominibus colloqui sed raro se iis in conspectum dare. Quor-
bsb10234118_0091.png	96 520 1187 568	sum haec simulatio ? et ad quod exemplum ? Scilicet Philocte-
bsb10234118_0091.png	96 572 1187 620	tes, Thoas, Theoclymenus, Ion, Peleus, Hippolytus, Orestes
bsb10234118_0091.png	97 622 1188 673	deos, quibuscum in scena colloquuntur, non videre existimandi
bsb10234118_0091.png	97 673 1184 720	sunt ! Sed ut sumatur hoc, cujus neque ratio ulla neque
bsb10234118_0091.png	97 725 1184 775	exemplum apparet, quo pacto spectatoribus persuaderi poterat,
bsb10234118_0091.png	97 776 1185 825	ut deam, quam et ipsi clare vident et Ajax primo adspectu
bsb10234118_0091.png	97 826 1184 878	agnoscit, unius Ulixis obtutum fugere crederent ? Decepit in-
bsb10234118_0091.png	98 877 1185 931	terpretes consuetudo novitia, quam sequuti Suidas et Gram-
bsb10234118_0091.png	97 930 1185 986	maticus Ammonio adjunctus p. XLVI. ἄποπτον interpretan-
bsb10234118_0091.png	66 978 1182 1039	tur τὸ ἀθέατον. Sic et Cyrillus Alex. in Exod. L. II. 296.
bsb10234118_0091.png	96 1032 1185 1077	ἄποπτος παντελῶς καὶ ἐπέκεινα τοῦ παντὸς, aliique aequa-
bsb10234118_0091.png	97 1083 1180 1139	lium loquuti sunt, quos Hasius produxit ad Leon. Diac. p.
bsb10234118_0091.png	97 1133 1182 1192	437. Sed veteres hoc ἄοπτον sive ἄνοπτον dicere solent,
bsb10234118_0091.png	97 1185 1182 1238	ἄποπτον vero id, quod e longinquo conspicitur vel clare,
bsb10234118_0091.png	98 1237 1181 1295	si in excelso est, vel obscure, si longo intervallo distat ;
bsb10234118_0091.png	97 1288 1183 1339	ὅπως ἄποπτος ἔσται ἡ Κορινθία ἐκ τοῦ χώματος, ut pro-
bsb10234118_0091.png	98 1336 1185 1398	spici possit Aristot. Rep. II. 12, 253. D. id quod alibi εὐ-
bsb10234118_0091.png	97 1388 1180 1449	άφορον dicitur ; καταφανὴς καὶ ἄποπτος Plutarch. V. Lucull.
bsb10234118_0091.png	96 1440 1198 1493	c. IX. ὅπως ἄποπτον εἴη ἀπὸ τοῦ στρατοπέδου Arrian.
bsb10234118_0091.png	96 1493 1181 1544	Alex. II. 12, 6. pariterque Dio Cass. L. 50. c. 12. Galen.
bsb10234118_0091.png	96 1543 1179 1597	de Semin. II. 5, 221. T. III. de Adm. Anat. VI. 1, 128.
bsb10234118_0091.png	95 1596 1178 1647	T. IV. Themist. Or. X. 137. B. Polyaen. III. 12. Zosim.
bsb10234118_0091.png	94 1644 1193 1704	I. 66. Heliod. IX. 8, 361. His conveniunt τόπος ἐξ ἀπό-
bsb10234118_0091.png	92 1697 1180 1755	πτου καὶ καταφανής Plutarch V. Eum. c. XV. ἐξ ἀπόπτου
bsb10234118_0091.png	91 1750 1178 1807	καὶ μεσαιτάτης περιωπῆς Gregor. Naz. Or. XIII. 94. C. ed.
bsb10234118_0091.png	91 1802 1179 1853	Bill. multisque aliis locis Soph. Phil. 467. Philo de Temul.
bsb10234118_0091.png	91 1852 1182 1902	p. 260. A. Phot. Bibl. CCLVIII. 778. item ἐν ἀπόπτῳ, in
bsb10234118_0091.png	91 1905 1183 1955	conspectu Dionys. Antt. II. 54. quod interpres male reddit
bsb10234118_0091.png	91 1957 1178 2009	in occulto *) Joseph. Bell. Jud. V. 9, 1. Synes. de Regn.
bsb10234118_0091.png	153 2033 1181 2074	*) De hoc Hasius aliter sentit neque negarem saltem ambigi posse, si
bsb10234118_0091.png	90 2079 1180 2117	modo significatio occulti aliunde constaret ; ἐξ ἀπόπτου VI. 14. sine con-
bsb10234118_0091.png	5 2120 554 2163	troversia significat ex edito.
bsb10234118_0009.png	410 712 982 771	PRAEFATIO.
bsb10234118_0009.png	233 1030 1247 1082	Insperanti mihi et imparato sed valde optanti ce-
bsb10234118_0009.png	165 1103 1244 1158	cidit ut nova posceretur hujus libri editio, quem ne-
bsb10234118_0009.png	162 1183 1253 1233	que non esse vellem neque talem esse, qualis erat.
bsb10234118_0009.png	158 1254 1254 1307	Ubi vero operi instaurando manum admovi, illico me
bsb10234118_0009.png	157 1329 1242 1384	difficultatibus irretitum sensi iis, quas qui vetera no-
bsb10234118_0009.png	153 1406 1281 1469	vis adstruere conantur, haud facile effiugiunt. Nam
bsb10234118_0009.png	154 1484 1241 1535	quum avito quodam philologorum more multa adno-
bsb10234118_0009.png	151 1560 1238 1612	tassem cognitu utilia fortasse sed a re tamen aliena,
bsb10234118_0009.png	151 1635 1240 1697	esque nec resecare sustinerem quippe jam aliorum
bsb10234118_0009.png	150 1708 1238 1763	disputationibus intexta, neque dignarer reponere im-
bsb10234118_0009.png	146 1785 1239 1838	perfecta, factum est ut nonnunquam longius etiam
bsb10234118_0009.png	147 1862 1237 1921	quam antea a proposito digrederer. Id ego, si res
bsb10234118_0009.png	144 1935 1238 1988	integra fuisset, utique non fecissem ; omninoque ita
bsb10234118_0009.png	144 2003 1239 2070	statuo, disciplinam grammaticam multo prius ad ma-
bsb10234118_0009.png	142 2087 1233 2139	turitatem quandam perventuram fuisse, si non pedi-
bsb10234118_0170.png	273 183 342 216	156
bsb10234118_0170.png	655 176 1033 211	COMMENTARIUS
bsb10234118_0170.png	273 259 1366 314	VI. 199. Βαρυάλγητα plene Aug. C. ἄχος ἕστηκε cod. Γ.
bsb10234118_0170.png	273 310 1374 366	et Jen. Τοσαύτη κατάπληξις εἱστήκει Diod. XIII. 55. καί
bsb10234118_0170.png	272 364 1368 419	σφισι μεγάλα πένθεα ἵσταται Lucian. Dea Syr. §. 6. δέος
bsb10234118_0170.png	197 414 1366 462	ἐστάτω Aj. 1084. θορύβου ἀναστάντος Appian. Civ. I.
bsb10234118_0170.png	274 467 1374 518	56. alia quaedam minus apposita affert Dorvillius ad Char.
bsb10234118_0170.png	274 508 1386 565	p. 383. Pro ὁπότ’ Ἄρεος ἔσσυτο δῆρις Quint. Cal. V.
bsb10234118_0170.png	276 568 1366 618	168. scribi oportet ἵστατο v. Wyttenbach. ad Julian. p. 199.
bsb10234118_0170.png	274 618 1369 664	et contra Orph. Arg. 435. pro ἔστατο δ’ ἄκρα κάρηνα re-
bsb10234118_0170.png	272 672 1369 721	stituendum ἔσσυτο, quod a vulgato ἔστευτο proprius abest
bsb10234118_0170.png	274 729 522 772	quam ἔπτατο.
bsb10234118_0170.png	329 769 1368 818	V. 201. 202. Ναὸς ἀρωγοὶ. Cod. Γ. ὦ ναός, Hermanni
bsb10234118_0170.png	275 823 1365 874	operae ἀγωγοί. In seq. versu Γ. et Dresd. A. Ἐρεχθειδῶν.
bsb10234118_0170.png	274 874 1367 923	Scholiastes χθονίων recte interpretatur αὐτοχθόνων, sed
bsb10234118_0170.png	275 925 1368 974	quod idem dicit ad v. 134. et vulgo credimus, ὅτι ὁ χορὸς
bsb10234118_0170.png	272 977 1366 1022	ἐσκεύασται ἀπὸ Σαλαμινίων, id a poeta v. 597. et 1213.
bsb10234118_0170.png	276 1029 1367 1074	clare significatum non est ; nec quidquam interest ad eorum
bsb10234118_0170.png	276 1080 1367 1128	opinionem, qui Ajacem Atheniensibus belli ducem se prae-
bsb10234118_0170.png	275 1130 1366 1173	buisse crediderunt v. Philostr. Heroic. IX. 720. quos Strabo
bsb10234118_0170.png	274 1183 565 1222	refellit IX. 604.
bsb10234118_0170.png	360 1228 1366 1278	V. 205. Νῦν γὰρ ὁ δεινὸς ὁ μέγας ὠμοκράτης. Eu-
bsb10234118_0170.png	275 1284 1450 1335	stathius p. 275, 35. ὁ μέγας Αἴας παρὰ Σοφοκλεῖ. Totum
bsb10234118_0170.png	275 1330 1447 1413	versum affert Suidas s. Ὠμοκρατής. Articulum ante μέγας
bsb10234118_0170.png	276 1387 1445 1436	ejecerunt Seidlerus, Bothius, Hermannus ; illi ratione minus
bsb10234118_0170.png	276 1438 1450 1492	firma, ne dactylo subjiciatur anapaestus v. Matthiae ad Hipp.
bsb10234118_0170.png	277 1489 1450 1551	1355. Hermannus, quia articulus sic positus numeri vinculo
bsb10234118_0170.png	278 1540 1450 1602	cum δεινός, intellectu cum μέγας cohaereret. Ajacis Sala-
bsb10234118_0170.png	277 1590 1450 1642	minii epitheton fere fixum et perpetuum ὁ μέγας ll. Π. 358.
bsb10234118_0170.png	277 1640 1450 1699	Theocr. XV. 138. et poetam inducere potuit ut ὁ μέγας
bsb10234118_0170.png	278 1693 1450 1754	scriberet, et librarios, ut articulum de suo adjicerent *).
bsb10234118_0170.png	272 1741 1450 1796	Ὠμοκρατής Scholiastae ambigunt utrum ab ὠμός composi-
bsb10234118_0170.png	280 1793 1448 1848	tum sit an ab ὦμος, ὁ τῶν (scr. διὰ τῶν) ὤμων κρατεῖν
bsb10234118_0170.png	278 1844 1450 1904	δυνάμενος, vel ut Moschopulus Sched. p. 184. ὁ ἐν τοῖς
bsb10234118_0170.png	350 1967 1450 2020	*) In Meleagri Ep. CXV. p. 34. Anth. Pal. VI. n. 163. τίς τάδε
bsb10234118_0170.png	278 2025 1450 2069	μοι θνητῶν περὶ θριγκοῖσιν ἀνῆψε σκῦλα - addito articulo scribendum
bsb10234118_0170.png	279 2064 1450 2114	τὰ περὶ ut Leonid. Ep. XLVII. ταῦτα λάφυρα τίς ὁ θριγκοῖσιν ἀνάψας.
bsb10234118_0170.png	282 2114 403 2142	ED. PR.
